filename,gt,pred,correct,infer_ms,score_leaf,score_not_leaf
LE0001.RAW,leaf,leaf,1,270,94,-94
LE0002.RAW,leaf,leaf,1,271,79,-78
LE0003.RAW,leaf,leaf,1,271,60,-56
LE0004.RAW,leaf,not_leaf,0,272,-8,16
LE0005.RAW,leaf,leaf,1,271,91,-93
LE0006.RAW,leaf,leaf,1,271,22,-17
LE0007.RAW,leaf,leaf,1,270,97,-100
LE0008.RAW,leaf,leaf,1,271,91,-90
LE0009.RAW,leaf,leaf,1,271,111,-109
LE0010.RAW,leaf,leaf,1,271,86,-88
LE0011.RAW,leaf,leaf,1,271,111,-111
LE0012.RAW,leaf,leaf,1,271,126,-126
LE0013.RAW,leaf,leaf,1,270,80,-81
LE0014.RAW,leaf,leaf,1,270,71,-73
LE0015.RAW,leaf,leaf,1,270,92,-95
LE0016.RAW,leaf,leaf,1,270,96,-98
LE0017.RAW,leaf,leaf,1,271,28,-28
LE0018.RAW,leaf,leaf,1,270,119,-120
LE0019.RAW,leaf,leaf,1,270,103,-102
LE0020.RAW,leaf,leaf,1,271,87,-85
LE0021.RAW,leaf,leaf,1,271,41,-40
LE0022.RAW,leaf,leaf,1,270,20,-22
LE0023.RAW,leaf,not_leaf,0,271,-68,73
LE0024.RAW,leaf,leaf,1,271,38,-35
LE0025.RAW,leaf,leaf,1,270,79,-81
LE0026.RAW,leaf,leaf,1,271,47,-47
LE0027.RAW,leaf,leaf,1,270,113,-113
LE0028.RAW,leaf,leaf,1,270,85,-85
LE0029.RAW,leaf,leaf,1,270,106,-106
LE0030.RAW,leaf,leaf,1,270,67,-66
LE0031.RAW,leaf,leaf,1,270,67,-68
LE0032.RAW,leaf,leaf,1,270,100,-98
LE0033.RAW,leaf,leaf,1,270,82,-84
LE0034.RAW,leaf,leaf,1,270,73,-72
LE0035.RAW,leaf,leaf,1,271,75,-70
LE0036.RAW,leaf,leaf,1,270,46,-45
LE0037.RAW,leaf,leaf,1,271,16,-9
LE0038.RAW,leaf,leaf,1,271,96,-94
LE0039.RAW,leaf,leaf,1,270,99,-100
LE0040.RAW,leaf,leaf,1,271,95,-94
LE0041.RAW,leaf,leaf,1,270,63,-62
LE0042.RAW,leaf,leaf,1,271,111,-111
LE0043.RAW,leaf,leaf,1,271,86,-88
LE0044.RAW,leaf,leaf,1,270,76,-75
LE0045.RAW,leaf,leaf,1,270,89,-93
LE0046.RAW,leaf,leaf,1,270,87,-90
LE0047.RAW,leaf,leaf,1,271,84,-82
LE0048.RAW,leaf,leaf,1,270,51,-51
LE0049.RAW,leaf,leaf,1,270,82,-82
LE0050.RAW,leaf,leaf,1,271,38,-36
LE0051.RAW,leaf,leaf,1,270,89,-90
LE0052.RAW,leaf,leaf,1,271,84,-86
LE0053.RAW,leaf,leaf,1,270,80,-81
LE0054.RAW,leaf,leaf,1,271,65,-62
LE0055.RAW,leaf,not_leaf,0,271,-3,4
LE0056.RAW,leaf,leaf,1,271,123,-124
LE0057.RAW,leaf,leaf,1,271,88,-90
LE0058.RAW,leaf,leaf,1,270,80,-83
LE0059.RAW,leaf,leaf,1,271,46,-41
LE0060.RAW,leaf,leaf,1,270,54,-52
LE0061.RAW,leaf,leaf,1,271,105,-105
LE0062.RAW,leaf,leaf,1,271,38,-35
LE0063.RAW,leaf,leaf,1,271,71,-71
LE0064.RAW,leaf,leaf,1,270,85,-87
LE0065.RAW,leaf,leaf,1,271,93,-90
LE0066.RAW,leaf,leaf,1,271,108,-111
LE0067.RAW,leaf,leaf,1,271,51,-53
LE0068.RAW,leaf,leaf,1,271,76,-74
LE0069.RAW,leaf,leaf,1,270,88,-91
LE0070.RAW,leaf,leaf,1,271,62,-57
LE0071.RAW,leaf,leaf,1,270,98,-99
LE0072.RAW,leaf,leaf,1,271,85,-86
LE0073.RAW,leaf,leaf,1,272,97,-95
LE0074.RAW,leaf,leaf,1,271,60,-60
LE0075.RAW,leaf,not_leaf,0,271,-3,2
LE0076.RAW,leaf,not_leaf,0,271,-41,52
LE0077.RAW,leaf,leaf,1,271,97,-97
LE0078.RAW,leaf,leaf,1,271,90,-89
LE0079.RAW,leaf,leaf,1,269,78,-78
LE0080.RAW,leaf,leaf,1,270,61,-59
LE0081.RAW,leaf,leaf,1,270,91,-93
LE0082.RAW,leaf,leaf,1,270,70,-73
LE0083.RAW,leaf,leaf,1,270,109,-111
LE0084.RAW,leaf,leaf,1,270,84,-85
LE0085.RAW,leaf,not_leaf,0,271,-79,82
LE0086.RAW,leaf,leaf,1,271,54,-53
LE0087.RAW,leaf,leaf,1,271,105,-105
LE0088.RAW,leaf,leaf,1,271,84,-86
LE0089.RAW,leaf,leaf,1,272,25,-26
LE0090.RAW,leaf,leaf,1,271,61,-60
LE0091.RAW,leaf,leaf,1,271,6,0
LE0092.RAW,leaf,leaf,1,271,91,-90
LE0093.RAW,leaf,leaf,1,271,106,-105
LE0094.RAW,leaf,leaf,1,272,95,-95
LE0095.RAW,leaf,leaf,1,270,108,-109
LE0096.RAW,leaf,leaf,1,269,88,-91
LE0097.RAW,leaf,leaf,1,270,86,-85
LE0098.RAW,leaf,leaf,1,270,88,-87
LE0099.RAW,leaf,leaf,1,270,34,-38
LE0100.RAW,leaf,leaf,1,270,62,-60
LE0101.RAW,leaf,leaf,1,271,99,-97
LE0102.RAW,leaf,leaf,1,271,100,-101
LE0103.RAW,leaf,not_leaf,0,270,-25,25
LE0104.RAW,leaf,leaf,1,270,88,-91
LE0105.RAW,leaf,leaf,1,270,79,-75
LE0106.RAW,leaf,leaf,1,270,90,-91
LE0107.RAW,leaf,leaf,1,270,94,-94
LE0108.RAW,leaf,leaf,1,271,72,-69
LE0109.RAW,leaf,leaf,1,270,112,-113
LE0110.RAW,leaf,leaf,1,270,80,-80
LE0111.RAW,leaf,leaf,1,271,29,-24
LE0112.RAW,leaf,leaf,1,270,79,-80
LE0113.RAW,leaf,leaf,1,270,95,-96
LE0114.RAW,leaf,not_leaf,0,271,-67,65
LE0115.RAW,leaf,leaf,1,270,30,-31
LE0116.RAW,leaf,leaf,1,270,69,-64
LE0117.RAW,leaf,leaf,1,270,83,-84
LE0118.RAW,leaf,leaf,1,270,99,-102
LE0119.RAW,leaf,leaf,1,270,64,-65
LE0120.RAW,leaf,leaf,1,271,110,-109
LE0121.RAW,leaf,leaf,1,270,107,-105
LE0122.RAW,leaf,leaf,1,271,77,-71
LE0123.RAW,leaf,leaf,1,270,85,-86
LE0124.RAW,leaf,leaf,1,271,88,-86
LE0125.RAW,leaf,leaf,1,270,109,-111
LE0126.RAW,leaf,leaf,1,271,75,-75
LE0127.RAW,leaf,leaf,1,270,75,-76
LE0128.RAW,leaf,leaf,1,271,76,-75
LE0129.RAW,leaf,leaf,1,271,81,-77
LE0130.RAW,leaf,leaf,1,271,103,-104
LE0131.RAW,leaf,leaf,1,271,8,-5
LE0132.RAW,leaf,leaf,1,270,80,-81
LE0133.RAW,leaf,not_leaf,0,271,-94,104
LE0134.RAW,leaf,leaf,1,271,48,-40
LE0135.RAW,leaf,leaf,1,271,83,-83
LE0136.RAW,leaf,leaf,1,272,96,-95
LE0137.RAW,leaf,leaf,1,271,85,-84
LE0138.RAW,leaf,leaf,1,271,77,-75
LE0139.RAW,leaf,leaf,1,271,55,-53
LE0140.RAW,leaf,leaf,1,271,120,-121
LE0141.RAW,leaf,leaf,1,271,96,-96
LE0142.RAW,leaf,not_leaf,0,270,-13,16
LE0143.RAW,leaf,leaf,1,271,96,-97
LE0144.RAW,leaf,leaf,1,271,89,-90
LE0145.RAW,leaf,not_leaf,0,271,-17,29
LE0146.RAW,leaf,not_leaf,0,271,-22,25
LE0147.RAW,leaf,leaf,1,271,99,-101
LE0148.RAW,leaf,leaf,1,271,118,-119
LE0149.RAW,leaf,leaf,1,270,114,-115
LE0150.RAW,leaf,leaf,1,271,48,-50
LE0151.RAW,leaf,not_leaf,0,271,-23,21
LE0152.RAW,leaf,leaf,1,270,91,-93
LE0153.RAW,leaf,leaf,1,271,91,-96
LE0154.RAW,leaf,leaf,1,270,77,-75
LE0155.RAW,leaf,leaf,1,271,100,-100
LE0156.RAW,leaf,leaf,1,272,104,-106
LE0157.RAW,leaf,leaf,1,271,52,-53
LE0158.RAW,leaf,not_leaf,0,271,-14,13
LE0159.RAW,leaf,leaf,1,270,110,-113
LE0160.RAW,leaf,leaf,1,271,35,-31
LE0161.RAW,leaf,leaf,1,271,53,-47
LE0162.RAW,leaf,leaf,1,271,94,-96
LE0163.RAW,leaf,leaf,1,271,52,-49
LE0164.RAW,leaf,leaf,1,271,15,-12
LE0165.RAW,leaf,leaf,1,271,73,-74
LE0166.RAW,leaf,not_leaf,0,271,-96,92
LE0167.RAW,leaf,leaf,1,271,88,-91
LE0168.RAW,leaf,leaf,1,270,76,-76
LE0169.RAW,leaf,leaf,1,271,106,-106
LE0170.RAW,leaf,leaf,1,271,98,-100
LE0171.RAW,leaf,leaf,1,271,27,-28
LE0172.RAW,leaf,leaf,1,271,44,-44
LE0173.RAW,leaf,leaf,1,271,91,-93
LE0174.RAW,leaf,leaf,1,271,96,-95
LE0175.RAW,leaf,leaf,1,270,102,-103
LE0176.RAW,leaf,leaf,1,270,97,-95
LE0177.RAW,leaf,leaf,1,270,109,-109
LE0178.RAW,leaf,leaf,1,270,107,-106
LE0179.RAW,leaf,leaf,1,270,102,-104
LE0180.RAW,leaf,leaf,1,270,91,-94
LE0181.RAW,leaf,leaf,1,270,36,-33
LE0182.RAW,leaf,not_leaf,0,270,-31,32
LE0183.RAW,leaf,leaf,1,270,85,-87
LE0184.RAW,leaf,leaf,1,270,110,-112
LE0185.RAW,leaf,leaf,1,270,97,-99
LE0186.RAW,leaf,leaf,1,271,26,-24
LE0187.RAW,leaf,leaf,1,270,99,-101
LE0188.RAW,leaf,leaf,1,270,95,-98
LE0189.RAW,leaf,leaf,1,271,2,0
LE0190.RAW,leaf,leaf,1,272,127,-128
LE0191.RAW,leaf,leaf,1,270,63,-62
LE0192.RAW,leaf,leaf,1,270,34,-36
LE0193.RAW,leaf,leaf,1,271,40,-39
LE0194.RAW,leaf,leaf,1,270,92,-91
LE0195.RAW,leaf,leaf,1,270,76,-78
LE0196.RAW,leaf,not_leaf,0,270,-11,14
LE0197.RAW,leaf,leaf,1,271,59,-57
LE0198.RAW,leaf,leaf,1,270,106,-108
LE0199.RAW,leaf,leaf,1,270,107,-108
LE0200.RAW,leaf,leaf,1,271,105,-106
NL0001.RAW,not_leaf,not_leaf,1,272,-123,127
NL0002.RAW,not_leaf,not_leaf,1,271,-122,127
NL0003.RAW,not_leaf,not_leaf,1,271,-105,112
NL0004.RAW,not_leaf,not_leaf,1,271,-121,120
NL0005.RAW,not_leaf,not_leaf,1,271,-105,113
NL0006.RAW,not_leaf,not_leaf,1,271,-49,55
NL0007.RAW,not_leaf,not_leaf,1,272,-128,127
NL0008.RAW,not_leaf,not_leaf,1,272,-8,14
NL0009.RAW,not_leaf,not_leaf,1,271,-98,108
NL0010.RAW,not_leaf,not_leaf,1,271,-122,127
NL0011.RAW,not_leaf,not_leaf,1,271,-120,127
NL0012.RAW,not_leaf,not_leaf,1,271,-92,99
NL0013.RAW,not_leaf,not_leaf,1,270,-88,96
NL0014.RAW,not_leaf,not_leaf,1,271,-110,118
NL0015.RAW,not_leaf,not_leaf,1,271,-104,108
NL0016.RAW,not_leaf,not_leaf,1,271,-98,116
NL0017.RAW,not_leaf,not_leaf,1,271,-104,112
NL0018.RAW,not_leaf,not_leaf,1,271,-107,118
NL0019.RAW,not_leaf,not_leaf,1,272,-94,113
NL0020.RAW,not_leaf,not_leaf,1,272,-86,109
NL0021.RAW,not_leaf,not_leaf,1,271,-125,127
NL0022.RAW,not_leaf,not_leaf,1,271,-90,99
NL0023.RAW,not_leaf,not_leaf,1,271,-102,119
NL0024.RAW,not_leaf,not_leaf,1,271,-71,72
NL0025.RAW,not_leaf,not_leaf,1,271,-120,118
NL0026.RAW,not_leaf,not_leaf,1,272,-128,127
NL0027.RAW,not_leaf,not_leaf,1,271,-106,112
NL0028.RAW,not_leaf,not_leaf,1,271,-128,127
NL0029.RAW,not_leaf,not_leaf,1,272,-25,25
NL0030.RAW,not_leaf,not_leaf,1,271,-109,116
NL0031.RAW,not_leaf,not_leaf,1,271,-99,108
NL0032.RAW,not_leaf,not_leaf,1,272,-128,127
NL0033.RAW,not_leaf,not_leaf,1,272,-119,127
NL0034.RAW,not_leaf,not_leaf,1,272,-122,127
NL0035.RAW,not_leaf,not_leaf,1,271,-120,126
NL0036.RAW,not_leaf,not_leaf,1,271,-70,76
NL0037.RAW,not_leaf,not_leaf,1,271,-115,127
NL0038.RAW,not_leaf,not_leaf,1,271,-90,97
NL0039.RAW,not_leaf,not_leaf,1,270,-128,127
NL0040.RAW,not_leaf,not_leaf,1,271,-128,127
NL0041.RAW,not_leaf,not_leaf,1,270,-128,127
NL0042.RAW,not_leaf,not_leaf,1,270,-128,127
NL0043.RAW,not_leaf,not_leaf,1,271,-94,108
NL0044.RAW,not_leaf,not_leaf,1,270,-125,126
NL0045.RAW,not_leaf,not_leaf,1,270,-111,121
NL0046.RAW,not_leaf,not_leaf,1,270,-126,127
NL0047.RAW,not_leaf,not_leaf,1,271,-128,127
NL0048.RAW,not_leaf,not_leaf,1,271,-95,103
NL0049.RAW,not_leaf,not_leaf,1,271,-128,127
NL0050.RAW,not_leaf,not_leaf,1,271,-87,90
NL0051.RAW,not_leaf,not_leaf,1,271,-128,127
NL0052.RAW,not_leaf,not_leaf,1,270,-102,108
NL0053.RAW,not_leaf,leaf,0,270,2,2
NL0054.RAW,not_leaf,not_leaf,1,271,-123,127
NL0055.RAW,not_leaf,not_leaf,1,271,-92,93
NL0056.RAW,not_leaf,not_leaf,1,271,-35,38
NL0057.RAW,not_leaf,not_leaf,1,271,-106,119
NL0058.RAW,not_leaf,not_leaf,1,271,-128,127
NL0059.RAW,not_leaf,not_leaf,1,271,-112,116
NL0060.RAW,not_leaf,not_leaf,1,271,-73,78
NL0061.RAW,not_leaf,not_leaf,1,271,-90,103
NL0062.RAW,not_leaf,not_leaf,1,271,-109,116
NL0063.RAW,not_leaf,not_leaf,1,270,-122,127
NL0064.RAW,not_leaf,not_leaf,1,271,-122,127
NL0065.RAW,not_leaf,not_leaf,1,271,-85,89
NL0066.RAW,not_leaf,not_leaf,1,271,-127,127
NL0067.RAW,not_leaf,not_leaf,1,271,-108,120
NL0068.RAW,not_leaf,not_leaf,1,270,-96,100
NL0069.RAW,not_leaf,not_leaf,1,271,-93,102
NL0070.RAW,not_leaf,not_leaf,1,271,-103,104
NL0071.RAW,not_leaf,not_leaf,1,271,-125,122
NL0072.RAW,not_leaf,not_leaf,1,271,-128,127
NL0073.RAW,not_leaf,not_leaf,1,271,-111,120
NL0074.RAW,not_leaf,not_leaf,1,271,-119,127
NL0075.RAW,not_leaf,not_leaf,1,271,-102,118
NL0076.RAW,not_leaf,not_leaf,1,271,-106,117
NL0077.RAW,not_leaf,not_leaf,1,271,-100,108
NL0078.RAW,not_leaf,not_leaf,1,271,-128,127
NL0079.RAW,not_leaf,not_leaf,1,271,-79,85
NL0080.RAW,not_leaf,not_leaf,1,271,-128,127
NL0081.RAW,not_leaf,not_leaf,1,271,-84,89
NL0082.RAW,not_leaf,not_leaf,1,270,-76,81
NL0083.RAW,not_leaf,not_leaf,1,270,-78,79
NL0084.RAW,not_leaf,not_leaf,1,271,-116,125
NL0085.RAW,not_leaf,not_leaf,1,271,-121,127
NL0086.RAW,not_leaf,not_leaf,1,270,-101,110
NL0087.RAW,not_leaf,not_leaf,1,271,-128,127
NL0088.RAW,not_leaf,not_leaf,1,271,-78,82
NL0089.RAW,not_leaf,not_leaf,1,271,-112,122
NL0090.RAW,not_leaf,not_leaf,1,272,-110,121
NL0091.RAW,not_leaf,not_leaf,1,271,-128,127
NL0092.RAW,not_leaf,not_leaf,1,271,-128,127
NL0093.RAW,not_leaf,not_leaf,1,271,-128,127
NL0094.RAW,not_leaf,not_leaf,1,272,-128,127
NL0095.RAW,not_leaf,not_leaf,1,271,-109,117
NL0096.RAW,not_leaf,not_leaf,1,271,-84,91
NL0097.RAW,not_leaf,not_leaf,1,271,-76,85
NL0098.RAW,not_leaf,not_leaf,1,271,-97,105
NL0099.RAW,not_leaf,not_leaf,1,271,-95,111
NL0100.RAW,not_leaf,not_leaf,1,271,-128,127
NL0101.RAW,not_leaf,not_leaf,1,271,-57,67
NL0102.RAW,not_leaf,not_leaf,1,272,-128,127
NL0103.RAW,not_leaf,not_leaf,1,271,-101,105
NL0104.RAW,not_leaf,not_leaf,1,272,-114,125
NL0105.RAW,not_leaf,not_leaf,1,271,-107,118
NL0106.RAW,not_leaf,not_leaf,1,271,-57,62
NL0107.RAW,not_leaf,not_leaf,1,271,-112,119
NL0108.RAW,not_leaf,not_leaf,1,271,-108,114
NL0109.RAW,not_leaf,not_leaf,1,271,-128,127
NL0110.RAW,not_leaf,not_leaf,1,272,-97,108
NL0111.RAW,not_leaf,not_leaf,1,272,-117,127
NL0112.RAW,not_leaf,not_leaf,1,271,-116,122
NL0113.RAW,not_leaf,not_leaf,1,272,-103,105
NL0114.RAW,not_leaf,not_leaf,1,271,-106,103
NL0115.RAW,not_leaf,not_leaf,1,272,-115,127
NL0116.RAW,not_leaf,not_leaf,1,272,-128,127
NL0117.RAW,not_leaf,not_leaf,1,271,-119,123
NL0118.RAW,not_leaf,not_leaf,1,271,-120,127
NL0119.RAW,not_leaf,not_leaf,1,271,-128,127
NL0120.RAW,not_leaf,not_leaf,1,271,-91,87
NL0121.RAW,not_leaf,not_leaf,1,271,-78,86
NL0122.RAW,not_leaf,not_leaf,1,271,-128,127
NL0123.RAW,not_leaf,not_leaf,1,271,-119,124
NL0124.RAW,not_leaf,not_leaf,1,271,-97,103
NL0125.RAW,not_leaf,not_leaf,1,271,-112,121
NL0126.RAW,not_leaf,not_leaf,1,271,-101,111
NL0127.RAW,not_leaf,not_leaf,1,271,-128,127
NL0128.RAW,not_leaf,not_leaf,1,271,-113,118
NL0129.RAW,not_leaf,not_leaf,1,271,-107,117
NL0130.RAW,not_leaf,not_leaf,1,271,-117,125
NL0131.RAW,not_leaf,not_leaf,1,271,-119,127
NL0132.RAW,not_leaf,not_leaf,1,271,-128,127
NL0133.RAW,not_leaf,not_leaf,1,272,-119,127
NL0134.RAW,not_leaf,not_leaf,1,271,-103,104
NL0135.RAW,not_leaf,not_leaf,1,271,-6,9
NL0136.RAW,not_leaf,not_leaf,1,270,-77,97
NL0137.RAW,not_leaf,not_leaf,1,270,-128,127
NL0138.RAW,not_leaf,not_leaf,1,271,-128,127
NL0139.RAW,not_leaf,not_leaf,1,272,-114,122
NL0140.RAW,not_leaf,not_leaf,1,271,-97,106
NL0141.RAW,not_leaf,not_leaf,1,270,-38,40
NL0142.RAW,not_leaf,not_leaf,1,271,-68,76
NL0143.RAW,not_leaf,not_leaf,1,271,-118,126
NL0144.RAW,not_leaf,not_leaf,1,270,-125,127
NL0145.RAW,not_leaf,not_leaf,1,271,-125,127
NL0146.RAW,not_leaf,not_leaf,1,271,-128,127
NL0147.RAW,not_leaf,not_leaf,1,271,-107,113
NL0148.RAW,not_leaf,not_leaf,1,271,-123,127
NL0149.RAW,not_leaf,leaf,0,270,4,0
NL0150.RAW,not_leaf,not_leaf,1,271,-118,127
NL0151.RAW,not_leaf,not_leaf,1,270,-104,105
NL0152.RAW,not_leaf,not_leaf,1,271,-125,127
NL0153.RAW,not_leaf,not_leaf,1,271,-128,127
NL0154.RAW,not_leaf,not_leaf,1,270,-124,127
NL0155.RAW,not_leaf,not_leaf,1,271,-106,115
NL0156.RAW,not_leaf,not_leaf,1,271,-126,127
NL0157.RAW,not_leaf,not_leaf,1,271,-128,127
NL0158.RAW,not_leaf,not_leaf,1,271,-108,119
NL0159.RAW,not_leaf,not_leaf,1,271,-12,18
NL0160.RAW,not_leaf,not_leaf,1,271,-122,127
NL0161.RAW,not_leaf,not_leaf,1,271,-121,127
NL0162.RAW,not_leaf,not_leaf,1,270,-119,125
NL0163.RAW,not_leaf,not_leaf,1,270,-128,127
NL0164.RAW,not_leaf,not_leaf,1,271,-105,113
NL0165.RAW,not_leaf,not_leaf,1,270,-107,106
NL0166.RAW,not_leaf,not_leaf,1,270,-111,111
NL0167.RAW,not_leaf,not_leaf,1,271,-110,116
NL0168.RAW,not_leaf,not_leaf,1,271,-93,101
NL0169.RAW,not_leaf,not_leaf,1,270,-31,32
NL0170.RAW,not_leaf,not_leaf,1,271,-113,117
NL0171.RAW,not_leaf,leaf,0,270,36,-33
NL0172.RAW,not_leaf,not_leaf,1,270,-104,119
NL0173.RAW,not_leaf,not_leaf,1,271,-109,111
NL0174.RAW,not_leaf,not_leaf,1,271,-127,127
NL0175.RAW,not_leaf,not_leaf,1,271,-118,127
NL0176.RAW,not_leaf,not_leaf,1,271,-103,114
NL0177.RAW,not_leaf,not_leaf,1,271,-128,127
NL0178.RAW,not_leaf,not_leaf,1,271,-105,117
NL0179.RAW,not_leaf,not_leaf,1,270,-121,125
NL0180.RAW,not_leaf,not_leaf,1,270,-117,124
NL0181.RAW,not_leaf,not_leaf,1,271,-97,116
NL0182.RAW,not_leaf,not_leaf,1,270,-128,127
NL0183.RAW,not_leaf,not_leaf,1,271,-108,117
NL0184.RAW,not_leaf,not_leaf,1,270,-119,122
NL0185.RAW,not_leaf,not_leaf,1,272,-128,127
NL0186.RAW,not_leaf,not_leaf,1,270,-76,79
NL0187.RAW,not_leaf,not_leaf,1,270,-123,127
NL0188.RAW,not_leaf,not_leaf,1,271,-114,124
NL0189.RAW,not_leaf,not_leaf,1,271,-117,127
NL0190.RAW,not_leaf,not_leaf,1,271,-128,127
NL0191.RAW,not_leaf,not_leaf,1,271,-114,126
NL0192.RAW,not_leaf,not_leaf,1,271,-128,127
NL0193.RAW,not_leaf,not_leaf,1,271,-128,127
NL0194.RAW,not_leaf,not_leaf,1,271,-116,117
NL0195.RAW,not_leaf,not_leaf,1,271,-118,124
NL0196.RAW,not_leaf,not_leaf,1,271,-121,127
NL0197.RAW,not_leaf,not_leaf,1,271,-108,122
NL0198.RAW,not_leaf,not_leaf,1,271,-100,107
NL0199.RAW,not_leaf,not_leaf,1,271,-123,127
NL0200.RAW,not_leaf,not_leaf,1,271,-118,127
LE0201.RAW,leaf,leaf,1,271,98,-99
LE0202.RAW,leaf,leaf,1,270,80,-80
LE0203.RAW,leaf,not_leaf,0,271,-127,126
LE0204.RAW,leaf,not_leaf,0,270,-49,50
LE0205.RAW,leaf,leaf,1,270,99,-102
LE0206.RAW,leaf,leaf,1,270,93,-93
LE0207.RAW,leaf,leaf,1,270,60,-62
LE0208.RAW,leaf,leaf,1,272,99,-101
LE0209.RAW,leaf,leaf,1,271,90,-90
LE0210.RAW,leaf,leaf,1,271,55,-55
LE0211.RAW,leaf,leaf,1,271,96,-95
LE0212.RAW,leaf,leaf,1,270,88,-90
LE0213.RAW,leaf,leaf,1,270,61,-60
LE0214.RAW,leaf,leaf,1,270,87,-88
LE0215.RAW,leaf,leaf,1,271,104,-106
LE0216.RAW,leaf,leaf,1,270,50,-50
LE0217.RAW,leaf,leaf,1,271,41,-42
LE0218.RAW,leaf,leaf,1,270,77,-77
LE0219.RAW,leaf,leaf,1,271,98,-96
LE0220.RAW,leaf,leaf,1,270,116,-118
LE0221.RAW,leaf,leaf,1,271,15,-15
LE0222.RAW,leaf,leaf,1,272,57,-53
LE0223.RAW,leaf,leaf,1,271,23,-22
LE0224.RAW,leaf,leaf,1,271,65,-63
LE0225.RAW,leaf,leaf,1,270,85,-82
LE0226.RAW,leaf,not_leaf,0,271,-7,12
LE0227.RAW,leaf,leaf,1,271,118,-117
LE0228.RAW,leaf,leaf,1,270,92,-93
LE0229.RAW,leaf,leaf,1,271,107,-106
LE0230.RAW,leaf,leaf,1,271,56,-55
LE0231.RAW,leaf,leaf,1,270,54,-50
LE0232.RAW,leaf,leaf,1,271,112,-111
LE0233.RAW,leaf,leaf,1,271,72,-72
LE0234.RAW,leaf,leaf,1,271,62,-58
LE0235.RAW,leaf,leaf,1,271,48,-47
LE0236.RAW,leaf,leaf,1,270,103,-103
LE0237.RAW,leaf,leaf,1,270,81,-82
LE0238.RAW,leaf,leaf,1,270,77,-78
LE0239.RAW,leaf,leaf,1,270,105,-105
LE0240.RAW,leaf,leaf,1,271,58,-57
LE0241.RAW,leaf,leaf,1,271,66,-60
LE0242.RAW,leaf,leaf,1,271,106,-106
LE0243.RAW,leaf,leaf,1,271,86,-86
LE0244.RAW,leaf,leaf,1,271,107,-111
LE0245.RAW,leaf,leaf,1,271,92,-89
LE0246.RAW,leaf,leaf,1,271,73,-74
LE0247.RAW,leaf,leaf,1,270,95,-98
LE0248.RAW,leaf,leaf,1,270,103,-104
LE0249.RAW,leaf,leaf,1,270,55,-52
LE0250.RAW,leaf,leaf,1,272,101,-103
LE0251.RAW,leaf,leaf,1,270,83,-85
LE0252.RAW,leaf,not_leaf,0,271,-40,42
LE0253.RAW,leaf,leaf,1,271,115,-116
LE0254.RAW,leaf,leaf,1,271,91,-88
LE0255.RAW,leaf,leaf,1,271,41,-38
LE0256.RAW,leaf,leaf,1,271,116,-115
LE0257.RAW,leaf,leaf,1,271,69,-68
LE0258.RAW,leaf,leaf,1,271,44,-42
LE0259.RAW,leaf,leaf,1,270,89,-91
LE0260.RAW,leaf,leaf,1,270,82,-82
LE0261.RAW,leaf,leaf,1,272,81,-78
LE0262.RAW,leaf,leaf,1,270,119,-122
LE0263.RAW,leaf,not_leaf,0,271,-37,47
LE0264.RAW,leaf,leaf,1,270,23,-20
LE0265.RAW,leaf,leaf,1,271,96,-97
LE0266.RAW,leaf,leaf,1,270,75,-77
LE0267.RAW,leaf,not_leaf,0,271,-7,14
LE0268.RAW,leaf,leaf,1,271,86,-81
LE0269.RAW,leaf,leaf,1,270,127,-128
LE0270.RAW,leaf,leaf,1,271,112,-111
LE0271.RAW,leaf,leaf,1,270,86,-88
LE0272.RAW,leaf,leaf,1,271,108,-107
LE0273.RAW,leaf,not_leaf,0,271,-36,39
LE0274.RAW,leaf,not_leaf,0,270,-44,40
LE0275.RAW,leaf,not_leaf,0,271,-51,59
LE0276.RAW,leaf,not_leaf,0,270,-41,43
LE0277.RAW,leaf,leaf,1,270,88,-90
LE0278.RAW,leaf,leaf,1,270,96,-96
LE0279.RAW,leaf,leaf,1,270,88,-89
LE0280.RAW,leaf,leaf,1,270,59,-58
LE0281.RAW,leaf,leaf,1,270,89,-92
LE0282.RAW,leaf,leaf,1,270,85,-85
LE0283.RAW,leaf,leaf,1,270,92,-94
LE0284.RAW,leaf,leaf,1,270,30,-34
LE0285.RAW,leaf,leaf,1,270,64,-65
LE0286.RAW,leaf,leaf,1,270,48,-49
LE0287.RAW,leaf,leaf,1,271,92,-88
LE0288.RAW,leaf,leaf,1,270,116,-117
LE0289.RAW,leaf,leaf,1,270,66,-65
LE0290.RAW,leaf,leaf,1,270,90,-92
LE0291.RAW,leaf,leaf,1,270,88,-91
LE0292.RAW,leaf,leaf,1,270,23,-21
LE0293.RAW,leaf,leaf,1,271,19,-12
LE0294.RAW,leaf,leaf,1,271,76,-78
LE0295.RAW,leaf,leaf,1,270,94,-93
LE0296.RAW,leaf,not_leaf,0,271,-36,40
LE0297.RAW,leaf,not_leaf,0,271,-13,15
LE0298.RAW,leaf,leaf,1,270,67,-65
LE0299.RAW,leaf,leaf,1,271,19,-14
LE0300.RAW,leaf,not_leaf,0,270,-35,41
LE0301.RAW,leaf,leaf,1,270,83,-83
LE0302.RAW,leaf,leaf,1,271,113,-110
LE0303.RAW,leaf,leaf,1,270,60,-57
LE0304.RAW,leaf,leaf,1,271,118,-117
LE0305.RAW,leaf,leaf,1,271,83,-83
LE0306.RAW,leaf,leaf,1,270,95,-97
LE0307.RAW,leaf,leaf,1,270,89,-90
LE0308.RAW,leaf,leaf,1,271,16,-14
LE0309.RAW,leaf,leaf,1,270,80,-81
LE0310.RAW,leaf,leaf,1,270,111,-112
LE0311.RAW,leaf,leaf,1,270,106,-108
LE0312.RAW,leaf,leaf,1,271,89,-89
LE0313.RAW,leaf,leaf,1,270,86,-86
LE0314.RAW,leaf,leaf,1,271,80,-76
LE0315.RAW,leaf,leaf,1,271,97,-97
LE0316.RAW,leaf,leaf,1,271,70,-72
LE0317.RAW,leaf,leaf,1,270,71,-73
LE0318.RAW,leaf,leaf,1,270,70,-65
LE0319.RAW,leaf,leaf,1,270,49,-49
LE0320.RAW,leaf,leaf,1,270,93,-94
LE0321.RAW,leaf,leaf,1,270,108,-109
LE0322.RAW,leaf,leaf,1,271,123,-122
LE0323.RAW,leaf,leaf,1,271,11,-9
LE0324.RAW,leaf,leaf,1,270,93,-94
LE0325.RAW,leaf,leaf,1,271,20,-17
LE0326.RAW,leaf,leaf,1,271,96,-97
LE0327.RAW,leaf,leaf,1,271,68,-67
LE0328.RAW,leaf,leaf,1,270,79,-81
LE0329.RAW,leaf,leaf,1,270,70,-69
LE0330.RAW,leaf,leaf,1,271,39,-39
LE0331.RAW,leaf,leaf,1,270,70,-70
LE0332.RAW,leaf,leaf,1,271,75,-70
LE0333.RAW,leaf,leaf,1,271,2,-4
LE0334.RAW,leaf,leaf,1,272,90,-91
LE0335.RAW,leaf,leaf,1,271,22,-25
LE0336.RAW,leaf,leaf,1,271,5,-7
LE0337.RAW,leaf,leaf,1,271,91,-93
LE0338.RAW,leaf,leaf,1,271,23,-20
LE0339.RAW,leaf,leaf,1,270,50,-50
LE0340.RAW,leaf,leaf,1,270,89,-93
LE0341.RAW,leaf,leaf,1,271,10,-8
LE0342.RAW,leaf,leaf,1,271,110,-111
LE0343.RAW,leaf,leaf,1,271,98,-98
LE0344.RAW,leaf,leaf,1,271,21,-13
LE0345.RAW,leaf,leaf,1,271,83,-81
LE0346.RAW,leaf,leaf,1,271,106,-105
LE0347.RAW,leaf,leaf,1,271,106,-103
LE0348.RAW,leaf,leaf,1,271,123,-123
LE0349.RAW,leaf,leaf,1,270,101,-102
LE0350.RAW,leaf,leaf,1,271,120,-119
LE0351.RAW,leaf,leaf,1,271,26,-28
LE0352.RAW,leaf,leaf,1,271,113,-115
LE0353.RAW,leaf,leaf,1,271,110,-111
LE0354.RAW,leaf,leaf,1,270,32,-31
LE0355.RAW,leaf,leaf,1,271,41,-41
LE0356.RAW,leaf,not_leaf,0,271,-75,75
LE0357.RAW,leaf,leaf,1,271,44,-47
LE0358.RAW,leaf,leaf,1,271,52,-54
LE0359.RAW,leaf,leaf,1,271,78,-76
LE0360.RAW,leaf,leaf,1,270,37,-37
LE0361.RAW,leaf,leaf,1,271,92,-95
LE0362.RAW,leaf,leaf,1,271,84,-85
LE0363.RAW,leaf,leaf,1,271,43,-42
LE0364.RAW,leaf,leaf,1,271,46,-45
LE0365.RAW,leaf,leaf,1,271,113,-116
LE0366.RAW,leaf,leaf,1,271,101,-99
LE0367.RAW,leaf,not_leaf,0,271,-39,40
LE0368.RAW,leaf,leaf,1,271,54,-53
LE0369.RAW,leaf,leaf,1,271,77,-75
LE0370.RAW,leaf,not_leaf,0,271,-18,23
LE0371.RAW,leaf,leaf,1,270,88,-90
LE0372.RAW,leaf,leaf,1,271,63,-62
LE0373.RAW,leaf,leaf,1,271,108,-109
LE0374.RAW,leaf,not_leaf,0,271,-2,4
LE0375.RAW,leaf,leaf,1,271,101,-102
LE0376.RAW,leaf,not_leaf,0,271,-49,50
LE0377.RAW,leaf,leaf,1,271,80,-80
LE0378.RAW,leaf,leaf,1,271,101,-102
LE0379.RAW,leaf,leaf,1,270,53,-49
LE0380.RAW,leaf,leaf,1,271,110,-110
LE0381.RAW,leaf,leaf,1,271,96,-95
LE0382.RAW,leaf,leaf,1,271,96,-98
LE0383.RAW,leaf,leaf,1,271,15,-13
LE0384.RAW,leaf,leaf,1,271,95,-97
LE0385.RAW,leaf,leaf,1,271,50,-47
LE0386.RAW,leaf,leaf,1,269,56,-53
LE0387.RAW,leaf,not_leaf,0,271,-10,18
LE0388.RAW,leaf,leaf,1,270,87,-91
LE0389.RAW,leaf,leaf,1,270,68,-70
LE0390.RAW,leaf,leaf,1,270,9,-7
LE0391.RAW,leaf,leaf,1,271,3,-4
LE0392.RAW,leaf,not_leaf,0,271,-16,17
LE0393.RAW,leaf,leaf,1,270,112,-111
LE0394.RAW,leaf,leaf,1,270,94,-98
LE0395.RAW,leaf,leaf,1,270,75,-74
LE0396.RAW,leaf,leaf,1,270,96,-99
LE0397.RAW,leaf,leaf,1,270,103,-104
LE0398.RAW,leaf,leaf,1,270,112,-113
LE0399.RAW,leaf,not_leaf,0,270,-38,49
LE0400.RAW,leaf,leaf,1,270,86,-89
LE0401.RAW,leaf,leaf,1,271,104,-105
LE0402.RAW,leaf,leaf,1,271,31,-34
LE0403.RAW,leaf,leaf,1,270,96,-97
LE0404.RAW,leaf,leaf,1,270,99,-100
LE0405.RAW,leaf,leaf,1,270,92,-93
LE0406.RAW,leaf,leaf,1,270,98,-100
LE0407.RAW,leaf,leaf,1,270,82,-86
LE0408.RAW,leaf,leaf,1,270,32,-33
LE0409.RAW,leaf,leaf,1,270,76,-75
LE0410.RAW,leaf,leaf,1,271,45,-48
LE0411.RAW,leaf,leaf,1,270,90,-89
LE0412.RAW,leaf,leaf,1,270,90,-91
LE0413.RAW,leaf,leaf,1,270,76,-75
LE0414.RAW,leaf,leaf,1,270,112,-112
LE0415.RAW,leaf,leaf,1,270,81,-83
LE0416.RAW,leaf,leaf,1,270,42,-44
LE0417.RAW,leaf,leaf,1,271,96,-95
LE0418.RAW,leaf,leaf,1,271,13,-6
LE0419.RAW,leaf,leaf,1,271,74,-74
LE0420.RAW,leaf,leaf,1,271,118,-119
LE0421.RAW,leaf,leaf,1,271,79,-78
LE0422.RAW,leaf,leaf,1,271,93,-94
LE0423.RAW,leaf,leaf,1,271,47,-46
LE0424.RAW,leaf,not_leaf,0,271,-4,4
LE0425.RAW,leaf,leaf,1,270,80,-84
LE0426.RAW,leaf,leaf,1,270,84,-84
LE0427.RAW,leaf,leaf,1,270,74,-73
LE0428.RAW,leaf,leaf,1,270,95,-95
LE0429.RAW,leaf,leaf,1,271,112,-110
LE0430.RAW,leaf,leaf,1,270,84,-86
LE0431.RAW,leaf,leaf,1,270,82,-83
LE0432.RAW,leaf,leaf,1,270,22,-20
LE0433.RAW,leaf,leaf,1,270,102,-103
LE0434.RAW,leaf,leaf,1,271,47,-49
LE0435.RAW,leaf,leaf,1,270,104,-102
LE0436.RAW,leaf,leaf,1,271,31,-34
LE0437.RAW,leaf,not_leaf,0,271,-19,20
LE0438.RAW,leaf,leaf,1,270,67,-66
LE0439.RAW,leaf,leaf,1,270,63,-61
LE0440.RAW,leaf,leaf,1,271,89,-87
LE0441.RAW,leaf,leaf,1,270,89,-91
LE0442.RAW,leaf,leaf,1,271,99,-99
LE0443.RAW,leaf,leaf,1,271,102,-103
LE0444.RAW,leaf,leaf,1,270,70,-71
LE0445.RAW,leaf,not_leaf,0,270,-7,5
LE0446.RAW,leaf,leaf,1,271,10,-10
LE0447.RAW,leaf,leaf,1,271,24,-24
LE0448.RAW,leaf,not_leaf,0,271,-14,18
LE0449.RAW,leaf,leaf,1,272,29,-29
LE0450.RAW,leaf,leaf,1,271,76,-79
LE0451.RAW,leaf,leaf,1,271,91,-92
LE0452.RAW,leaf,leaf,1,271,114,-115
LE0453.RAW,leaf,leaf,1,271,86,-89
LE0454.RAW,leaf,leaf,1,270,88,-91
LE0455.RAW,leaf,leaf,1,271,127,-128
LE0456.RAW,leaf,leaf,1,271,111,-112
LE0457.RAW,leaf,leaf,1,271,105,-107
LE0458.RAW,leaf,leaf,1,271,38,-36
LE0459.RAW,leaf,leaf,1,271,71,-70
LE0460.RAW,leaf,leaf,1,270,50,-46
LE0461.RAW,leaf,leaf,1,271,27,-25
LE0462.RAW,leaf,leaf,1,271,101,-100
LE0463.RAW,leaf,leaf,1,271,64,-62
LE0464.RAW,leaf,leaf,1,270,78,-79
LE0465.RAW,leaf,leaf,1,271,32,-32
LE0466.RAW,leaf,not_leaf,0,271,-5,14
LE0467.RAW,leaf,leaf,1,271,36,-33
LE0468.RAW,leaf,leaf,1,270,98,-99
LE0469.RAW,leaf,leaf,1,270,112,-114
LE0470.RAW,leaf,leaf,1,270,36,-32
LE0471.RAW,leaf,leaf,1,271,101,-102
LE0472.RAW,leaf,leaf,1,272,124,-125
LE0473.RAW,leaf,leaf,1,271,93,-92
LE0474.RAW,leaf,leaf,1,271,81,-80
LE0475.RAW,leaf,leaf,1,270,112,-113
LE0476.RAW,leaf,not_leaf,0,270,-39,40
LE0477.RAW,leaf,leaf,1,270,62,-61
LE0478.RAW,leaf,leaf,1,269,72,-74
LE0479.RAW,leaf,leaf,1,270,101,-104
LE0480.RAW,leaf,leaf,1,272,104,-105
LE0481.RAW,leaf,leaf,1,270,86,-90
LE0482.RAW,leaf,leaf,1,270,82,-85
LE0483.RAW,leaf,leaf,1,271,81,-77
LE0484.RAW,leaf,leaf,1,270,92,-91
LE0485.RAW,leaf,leaf,1,271,37,-39
LE0486.RAW,leaf,leaf,1,271,121,-121
LE0487.RAW,leaf,leaf,1,270,89,-89
LE0488.RAW,leaf,leaf,1,270,32,-31
LE0489.RAW,leaf,leaf,1,270,83,-85
LE0490.RAW,leaf,leaf,1,270,87,-87
LE0491.RAW,leaf,leaf,1,270,58,-58
LE0492.RAW,leaf,leaf,1,270,28,-27
LE0493.RAW,leaf,leaf,1,270,48,-45
LE0494.RAW,leaf,leaf,1,270,109,-109
LE0495.RAW,leaf,leaf,1,271,118,-118
LE0496.RAW,leaf,leaf,1,270,91,-92
LE0497.RAW,leaf,leaf,1,270,110,-111
LE0498.RAW,leaf,leaf,1,270,38,-38
LE0499.RAW,leaf,leaf,1,270,75,-77
LE0500.RAW,leaf,leaf,1,270,109,-111
LE0501.RAW,leaf,leaf,1,270,79,-80
LE0502.RAW,leaf,leaf,1,270,84,-86
LE0503.RAW,leaf,leaf,1,270,95,-97
LE0504.RAW,leaf,leaf,1,270,74,-77
LE0505.RAW,leaf,leaf,1,270,21,-17
LE0506.RAW,leaf,leaf,1,271,124,-127
LE0507.RAW,leaf,leaf,1,271,88,-83
LE0508.RAW,leaf,leaf,1,270,52,-47
LE0509.RAW,leaf,not_leaf,0,271,-54,55
LE0510.RAW,leaf,leaf,1,270,95,-97
LE0511.RAW,leaf,leaf,1,271,119,-120
LE0512.RAW,leaf,leaf,1,270,98,-96
LE0513.RAW,leaf,leaf,1,270,62,-61
LE0514.RAW,leaf,leaf,1,271,89,-91
LE0515.RAW,leaf,leaf,1,270,93,-96
LE0516.RAW,leaf,leaf,1,270,53,-52
LE0517.RAW,leaf,not_leaf,0,271,-79,83
LE0518.RAW,leaf,leaf,1,270,79,-80
LE0519.RAW,leaf,leaf,1,271,106,-106
LE0520.RAW,leaf,leaf,1,271,104,-104
LE0521.RAW,leaf,leaf,1,270,97,-100
LE0522.RAW,leaf,leaf,1,272,20,-13
LE0523.RAW,leaf,leaf,1,271,62,-63
LE0524.RAW,leaf,not_leaf,0,271,-79,82
LE0525.RAW,leaf,leaf,1,270,89,-88
LE0526.RAW,leaf,leaf,1,271,114,-117
LE0527.RAW,leaf,leaf,1,271,54,-53
LE0528.RAW,leaf,leaf,1,270,46,-45
LE0529.RAW,leaf,leaf,1,271,111,-112
LE0530.RAW,leaf,leaf,1,270,92,-94
LE0531.RAW,leaf,leaf,1,271,78,-79
LE0532.RAW,leaf,leaf,1,271,72,-68
LE0533.RAW,leaf,leaf,1,271,95,-97
LE0534.RAW,leaf,leaf,1,271,88,-84
LE0535.RAW,leaf,leaf,1,270,86,-84
LE0536.RAW,leaf,leaf,1,270,54,-55
LE0537.RAW,leaf,leaf,1,270,39,-32
LE0538.RAW,leaf,leaf,1,270,88,-89
LE0539.RAW,leaf,leaf,1,270,33,-33
LE0540.RAW,leaf,leaf,1,270,98,-99
LE0541.RAW,leaf,not_leaf,0,271,-13,18
LE0542.RAW,leaf,leaf,1,270,77,-75
LE0543.RAW,leaf,leaf,1,270,97,-97
LE0544.RAW,leaf,leaf,1,270,87,-90
LE0545.RAW,leaf,leaf,1,270,112,-113
LE0546.RAW,leaf,not_leaf,0,271,-46,48
LE0547.RAW,leaf,leaf,1,270,57,-56
LE0548.RAW,leaf,leaf,1,271,92,-92
LE0549.RAW,leaf,leaf,1,271,30,-24
LE0550.RAW,leaf,leaf,1,270,112,-111
LE0551.RAW,leaf,leaf,1,270,74,-76
LE0552.RAW,leaf,leaf,1,270,103,-106
LE0553.RAW,leaf,not_leaf,0,271,-24,25
LE0554.RAW,leaf,leaf,1,270,95,-94
LE0555.RAW,leaf,not_leaf,0,271,-25,22
LE0556.RAW,leaf,leaf,1,271,108,-111
LE0557.RAW,leaf,leaf,1,270,87,-89
LE0558.RAW,leaf,leaf,1,271,89,-92
LE0559.RAW,leaf,leaf,1,271,9,-8
LE0560.RAW,leaf,leaf,1,271,88,-89
LE0561.RAW,leaf,not_leaf,0,272,-58,75
LE0562.RAW,leaf,leaf,1,271,103,-101
LE0563.RAW,leaf,leaf,1,271,84,-84
LE0564.RAW,leaf,not_leaf,0,271,-114,114
LE0565.RAW,leaf,leaf,1,272,39,-40
LE0566.RAW,leaf,not_leaf,0,271,-18,27
LE0567.RAW,leaf,leaf,1,271,89,-90
LE0568.RAW,leaf,leaf,1,271,75,-71
LE0569.RAW,leaf,leaf,1,270,106,-107
LE0570.RAW,leaf,leaf,1,271,23,-23
LE0571.RAW,leaf,leaf,1,271,104,-103
LE0572.RAW,leaf,leaf,1,271,75,-76
LE0573.RAW,leaf,leaf,1,271,60,-57
LE0574.RAW,leaf,leaf,1,271,64,-64
LE0575.RAW,leaf,leaf,1,270,11,-10
LE0576.RAW,leaf,leaf,1,271,91,-91
LE0577.RAW,leaf,leaf,1,270,38,-33
LE0578.RAW,leaf,leaf,1,270,80,-79
LE0579.RAW,leaf,leaf,1,270,98,-96
LE0580.RAW,leaf,leaf,1,270,100,-100
LE0581.RAW,leaf,leaf,1,272,111,-110
LE0582.RAW,leaf,not_leaf,0,271,-58,60
LE0583.RAW,leaf,leaf,1,271,25,-23
LE0584.RAW,leaf,leaf,1,270,99,-100
LE0585.RAW,leaf,leaf,1,271,110,-108
LE0586.RAW,leaf,leaf,1,270,83,-83
LE0587.RAW,leaf,not_leaf,0,271,-85,94
LE0588.RAW,leaf,leaf,1,270,98,-96
LE0589.RAW,leaf,leaf,1,270,81,-83
LE0590.RAW,leaf,leaf,1,270,72,-72
LE0591.RAW,leaf,leaf,1,270,109,-110
LE0592.RAW,leaf,leaf,1,271,25,-25
LE0593.RAW,leaf,leaf,1,270,101,-104
LE0594.RAW,leaf,leaf,1,271,103,-103
LE0595.RAW,leaf,not_leaf,0,270,1,3
LE0596.RAW,leaf,not_leaf,0,270,-41,44
LE0597.RAW,leaf,leaf,1,270,17,-14
LE0598.RAW,leaf,leaf,1,270,56,-57
LE0599.RAW,leaf,leaf,1,271,58,-57
LE0600.RAW,leaf,leaf,1,271,101,-98
LE0601.RAW,leaf,leaf,1,271,111,-110
LE0602.RAW,leaf,leaf,1,271,108,-108
LE0603.RAW,leaf,leaf,1,271,112,-114
LE0604.RAW,leaf,leaf,1,271,88,-88
LE0605.RAW,leaf,leaf,1,271,62,-64
LE0606.RAW,leaf,leaf,1,271,105,-106
LE0607.RAW,leaf,leaf,1,271,47,-44
LE0608.RAW,leaf,leaf,1,271,64,-61
LE0609.RAW,leaf,leaf,1,271,104,-107
LE0610.RAW,leaf,leaf,1,271,91,-90
LE0611.RAW,leaf,leaf,1,272,76,-76
LE0612.RAW,leaf,leaf,1,271,98,-99
LE0613.RAW,leaf,not_leaf,0,272,-13,17
LE0614.RAW,leaf,leaf,1,270,104,-104
LE0615.RAW,leaf,leaf,1,270,68,-68
LE0616.RAW,leaf,leaf,1,270,89,-91
LE0617.RAW,leaf,leaf,1,271,99,-99
LE0618.RAW,leaf,leaf,1,270,81,-82
LE0619.RAW,leaf,leaf,1,270,101,-103
LE0620.RAW,leaf,leaf,1,270,89,-91
LE0621.RAW,leaf,leaf,1,270,104,-104
LE0622.RAW,leaf,leaf,1,271,117,-121
LE0623.RAW,leaf,leaf,1,270,101,-104
LE0624.RAW,leaf,leaf,1,270,90,-92
LE0625.RAW,leaf,leaf,1,271,46,-44
LE0626.RAW,leaf,leaf,1,271,84,-78
LE0627.RAW,leaf,not_leaf,0,271,-9,14
LE0628.RAW,leaf,leaf,1,270,82,-86
LE0629.RAW,leaf,not_leaf,0,271,-19,17
LE0630.RAW,leaf,leaf,1,271,99,-100
LE0631.RAW,leaf,not_leaf,0,271,-15,15
LE0632.RAW,leaf,leaf,1,271,22,-22
LE0633.RAW,leaf,leaf,1,270,90,-91
LE0634.RAW,leaf,leaf,1,271,89,-90
LE0635.RAW,leaf,leaf,1,270,50,-47
LE0636.RAW,leaf,leaf,1,271,101,-101
LE0637.RAW,leaf,leaf,1,271,103,-103
LE0638.RAW,leaf,leaf,1,272,34,-29
LE0639.RAW,leaf,leaf,1,272,93,-93
LE0640.RAW,leaf,leaf,1,271,101,-102
LE0641.RAW,leaf,leaf,1,271,91,-90
LE0642.RAW,leaf,leaf,1,270,73,-73
LE0643.RAW,leaf,leaf,1,271,102,-104
LE0644.RAW,leaf,leaf,1,272,33,-23
LE0645.RAW,leaf,leaf,1,270,65,-63
LE0646.RAW,leaf,leaf,1,271,49,-39
LE0647.RAW,leaf,leaf,1,270,73,-74
LE0648.RAW,leaf,leaf,1,270,67,-66
LE0649.RAW,leaf,leaf,1,270,112,-113
LE0650.RAW,leaf,leaf,1,270,90,-88
LE0651.RAW,leaf,leaf,1,270,95,-96
LE0652.RAW,leaf,leaf,1,270,112,-114
LE0653.RAW,leaf,leaf,1,269,89,-94
LE0654.RAW,leaf,leaf,1,270,89,-92
LE0655.RAW,leaf,leaf,1,271,97,-98
LE0656.RAW,leaf,leaf,1,271,106,-103
LE0657.RAW,leaf,leaf,1,270,50,-50
LE0658.RAW,leaf,not_leaf,0,270,-37,44
LE0659.RAW,leaf,leaf,1,271,127,-128
LE0660.RAW,leaf,leaf,1,270,99,-102
LE0661.RAW,leaf,leaf,1,270,34,-24
LE0662.RAW,leaf,leaf,1,270,91,-91
LE0663.RAW,leaf,leaf,1,270,97,-98
LE0664.RAW,leaf,leaf,1,271,23,-22
LE0665.RAW,leaf,leaf,1,270,96,-98
LE0666.RAW,leaf,leaf,1,271,81,-82
LE0667.RAW,leaf,leaf,1,270,98,-100
LE0668.RAW,leaf,leaf,1,270,82,-84
LE0669.RAW,leaf,leaf,1,271,8,-10
LE0670.RAW,leaf,leaf,1,271,92,-91
LE0671.RAW,leaf,leaf,1,270,96,-97
LE0672.RAW,leaf,not_leaf,0,271,-45,51
LE0673.RAW,leaf,leaf,1,270,63,-62
LE0674.RAW,leaf,leaf,1,271,99,-98
LE0675.RAW,leaf,leaf,1,271,109,-110
LE0676.RAW,leaf,leaf,1,271,52,-52
LE0677.RAW,leaf,leaf,1,271,127,-128
LE0678.RAW,leaf,leaf,1,272,77,-74
LE0679.RAW,leaf,not_leaf,0,271,-21,20
LE0680.RAW,leaf,leaf,1,270,48,-48
LE0681.RAW,leaf,not_leaf,0,271,-83,88
LE0682.RAW,leaf,leaf,1,270,99,-103
LE0683.RAW,leaf,leaf,1,270,67,-68
LE0684.RAW,leaf,leaf,1,270,90,-93
LE0685.RAW,leaf,leaf,1,270,91,-90
LE0686.RAW,leaf,not_leaf,0,271,-97,97
LE0687.RAW,leaf,leaf,1,271,99,-100
LE0688.RAW,leaf,leaf,1,270,106,-107
LE0689.RAW,leaf,leaf,1,271,110,-111
LE0690.RAW,leaf,leaf,1,270,97,-97
LE0691.RAW,leaf,leaf,1,271,103,-104
LE0692.RAW,leaf,leaf,1,270,88,-89
LE0693.RAW,leaf,leaf,1,271,97,-97
LE0694.RAW,leaf,leaf,1,271,12,-13
LE0695.RAW,leaf,leaf,1,270,23,-22
LE0696.RAW,leaf,leaf,1,270,66,-66
LE0697.RAW,leaf,leaf,1,271,108,-107
LE0698.RAW,leaf,leaf,1,271,34,-35
LE0699.RAW,leaf,leaf,1,271,115,-114
LE0700.RAW,leaf,leaf,1,271,81,-82
LE0701.RAW,leaf,leaf,1,271,45,-48
LE0702.RAW,leaf,not_leaf,0,270,-31,32
LE0703.RAW,leaf,leaf,1,270,68,-66
LE0704.RAW,leaf,leaf,1,270,73,-72
LE0705.RAW,leaf,leaf,1,270,113,-115
LE0706.RAW,leaf,leaf,1,270,70,-70
LE0707.RAW,leaf,leaf,1,271,112,-111
LE0708.RAW,leaf,leaf,1,271,88,-89
LE0709.RAW,leaf,leaf,1,271,59,-63
LE0710.RAW,leaf,leaf,1,272,98,-97
LE0711.RAW,leaf,leaf,1,271,42,-41
LE0712.RAW,leaf,leaf,1,271,47,-47
LE0713.RAW,leaf,leaf,1,271,100,-102
LE0714.RAW,leaf,leaf,1,271,101,-100
LE0715.RAW,leaf,leaf,1,271,116,-118
LE0716.RAW,leaf,leaf,1,271,120,-119
LE0717.RAW,leaf,leaf,1,271,111,-111
LE0718.RAW,leaf,leaf,1,271,61,-59
LE0719.RAW,leaf,leaf,1,271,44,-45
LE0720.RAW,leaf,leaf,1,270,62,-60
LE0721.RAW,leaf,leaf,1,270,95,-95
LE0722.RAW,leaf,leaf,1,270,88,-90
LE0723.RAW,leaf,leaf,1,270,82,-86
LE0724.RAW,leaf,leaf,1,270,80,-81
LE0725.RAW,leaf,leaf,1,271,27,-27
LE0726.RAW,leaf,leaf,1,270,115,-115
LE0727.RAW,leaf,leaf,1,272,88,-85
LE0728.RAW,leaf,leaf,1,270,21,-19
LE0729.RAW,leaf,leaf,1,271,78,-78
LE0730.RAW,leaf,leaf,1,271,112,-114
LE0731.RAW,leaf,leaf,1,270,88,-87
LE0732.RAW,leaf,leaf,1,270,64,-64
LE0733.RAW,leaf,leaf,1,271,52,-50
LE0734.RAW,leaf,leaf,1,271,99,-98
LE0735.RAW,leaf,leaf,1,270,81,-82
LE0736.RAW,leaf,leaf,1,271,79,-80
LE0737.RAW,leaf,leaf,1,270,77,-80
LE0738.RAW,leaf,leaf,1,271,18,-19
LE0739.RAW,leaf,leaf,1,271,39,-32
LE0740.RAW,leaf,leaf,1,270,94,-96
LE0741.RAW,leaf,leaf,1,271,67,-65
LE0742.RAW,leaf,leaf,1,270,92,-93
LE0743.RAW,leaf,leaf,1,271,94,-96
LE0744.RAW,leaf,leaf,1,271,26,-24
LE0745.RAW,leaf,leaf,1,271,28,-24
LE0746.RAW,leaf,leaf,1,270,88,-88
LE0747.RAW,leaf,not_leaf,0,270,-21,26
LE0748.RAW,leaf,leaf,1,270,122,-123
LE0749.RAW,leaf,leaf,1,271,110,-109
LE0750.RAW,leaf,leaf,1,270,84,-85
LE0751.RAW,leaf,leaf,1,271,79,-74
LE0752.RAW,leaf,leaf,1,270,92,-93
LE0753.RAW,leaf,leaf,1,272,106,-108
LE0754.RAW,leaf,leaf,1,270,78,-80
LE0755.RAW,leaf,leaf,1,271,48,-50
LE0756.RAW,leaf,leaf,1,271,107,-107
LE0757.RAW,leaf,leaf,1,271,110,-109
LE0758.RAW,leaf,leaf,1,271,49,-49
LE0759.RAW,leaf,leaf,1,270,92,-93
LE0760.RAW,leaf,leaf,1,270,95,-97
LE0761.RAW,leaf,not_leaf,0,270,-47,53
LE0762.RAW,leaf,leaf,1,270,88,-89
LE0763.RAW,leaf,leaf,1,270,87,-88
LE0764.RAW,leaf,leaf,1,270,115,-115
LE0765.RAW,leaf,leaf,1,271,102,-104
LE0766.RAW,leaf,leaf,1,270,85,-86
LE0767.RAW,leaf,leaf,1,270,89,-92
LE0768.RAW,leaf,leaf,1,271,88,-89
LE0769.RAW,leaf,not_leaf,0,272,-96,107
LE0770.RAW,leaf,leaf,1,270,74,-73
LE0771.RAW,leaf,leaf,1,271,120,-120
LE0772.RAW,leaf,leaf,1,270,37,-34
LE0773.RAW,leaf,leaf,1,270,46,-44
LE0774.RAW,leaf,leaf,1,270,57,-56
LE0775.RAW,leaf,leaf,1,271,84,-84
LE0776.RAW,leaf,leaf,1,271,101,-99
LE0777.RAW,leaf,leaf,1,272,66,-68
LE0778.RAW,leaf,leaf,1,271,66,-66
LE0779.RAW,leaf,leaf,1,271,87,-88
LE0780.RAW,leaf,leaf,1,271,99,-99
LE0781.RAW,leaf,leaf,1,271,81,-82
LE0782.RAW,leaf,leaf,1,272,94,-96
LE0783.RAW,leaf,leaf,1,270,8,-4
LE0784.RAW,leaf,not_leaf,0,271,-60,56
LE0785.RAW,leaf,leaf,1,271,78,-78
LE0786.RAW,leaf,leaf,1,271,94,-95
LE0787.RAW,leaf,leaf,1,271,67,-69
LE0788.RAW,leaf,leaf,1,272,66,-61
LE0789.RAW,leaf,leaf,1,271,51,-50
LE0790.RAW,leaf,leaf,1,270,122,-122
LE0791.RAW,leaf,leaf,1,270,95,-97
LE0792.RAW,leaf,leaf,1,270,17,-11
LE0793.RAW,leaf,leaf,1,270,114,-115
LE0794.RAW,leaf,leaf,1,270,89,-88
LE0795.RAW,leaf,leaf,1,270,107,-111
LE0796.RAW,leaf,leaf,1,271,97,-98
LE0797.RAW,leaf,leaf,1,271,28,-23
LE0798.RAW,leaf,leaf,1,270,91,-93
LE0799.RAW,leaf,leaf,1,271,19,-18
LE0800.RAW,leaf,leaf,1,271,106,-107
LE0801.RAW,leaf,leaf,1,271,26,-22
LE0802.RAW,leaf,leaf,1,271,41,-40
LE0803.RAW,leaf,leaf,1,270,88,-91
LE0804.RAW,leaf,leaf,1,270,100,-102
LE0805.RAW,leaf,leaf,1,270,82,-82
LE0806.RAW,leaf,leaf,1,271,85,-82
LE0807.RAW,leaf,not_leaf,0,271,-30,32
LE0808.RAW,leaf,leaf,1,271,76,-77
LE0809.RAW,leaf,leaf,1,271,54,-52
LE0810.RAW,leaf,not_leaf,0,271,-84,85
LE0811.RAW,leaf,leaf,1,270,80,-81
LE0812.RAW,leaf,leaf,1,271,102,-104
LE0813.RAW,leaf,leaf,1,271,10,-8
LE0814.RAW,leaf,leaf,1,271,42,-43
LE0815.RAW,leaf,not_leaf,0,271,-66,74
LE0816.RAW,leaf,not_leaf,0,272,-3,6
LE0817.RAW,leaf,leaf,1,271,87,-88
LE0818.RAW,leaf,leaf,1,270,56,-47
LE0819.RAW,leaf,leaf,1,270,101,-102
LE0820.RAW,leaf,leaf,1,271,76,-79
LE0821.RAW,leaf,leaf,1,271,96,-95
LE0822.RAW,leaf,leaf,1,271,101,-100
LE0823.RAW,leaf,leaf,1,271,104,-105
LE0824.RAW,leaf,leaf,1,270,82,-82
LE0825.RAW,leaf,leaf,1,270,66,-65
LE0826.RAW,leaf,leaf,1,270,92,-91
LE0827.RAW,leaf,leaf,1,271,86,-84
LE0828.RAW,leaf,leaf,1,271,74,-69
LE0829.RAW,leaf,not_leaf,0,271,-31,32
LE0830.RAW,leaf,leaf,1,271,117,-115
LE0831.RAW,leaf,leaf,1,271,89,-91
LE0832.RAW,leaf,leaf,1,271,41,-42
LE0833.RAW,leaf,leaf,1,271,48,-47
LE0834.RAW,leaf,leaf,1,271,35,-36
LE0835.RAW,leaf,leaf,1,271,93,-94
LE0836.RAW,leaf,leaf,1,271,106,-107
LE0837.RAW,leaf,leaf,1,271,101,-100
LE0838.RAW,leaf,leaf,1,271,59,-59
LE0839.RAW,leaf,leaf,1,270,97,-97
LE0840.RAW,leaf,leaf,1,270,85,-87
LE0841.RAW,leaf,leaf,1,271,38,-37
LE0842.RAW,leaf,leaf,1,269,86,-88
LE0843.RAW,leaf,leaf,1,270,91,-92
LE0844.RAW,leaf,leaf,1,270,85,-86
LE0845.RAW,leaf,leaf,1,270,47,-49
LE0846.RAW,leaf,leaf,1,271,81,-82
LE0847.RAW,leaf,leaf,1,270,101,-103
LE0848.RAW,leaf,leaf,1,270,87,-90
LE0849.RAW,leaf,leaf,1,271,24,-24
LE0850.RAW,leaf,leaf,1,270,50,-52
LE0851.RAW,leaf,leaf,1,270,96,-99
LE0852.RAW,leaf,leaf,1,270,80,-80
LE0853.RAW,leaf,leaf,1,270,103,-105
LE0854.RAW,leaf,leaf,1,270,94,-96
LE0855.RAW,leaf,leaf,1,270,75,-76
LE0856.RAW,leaf,leaf,1,270,38,-36
LE0857.RAW,leaf,not_leaf,0,270,-70,73
LE0858.RAW,leaf,leaf,1,271,106,-105
LE0859.RAW,leaf,leaf,1,271,119,-123
LE0860.RAW,leaf,leaf,1,271,59,-58
LE0861.RAW,leaf,leaf,1,271,113,-115
LE0862.RAW,leaf,not_leaf,0,271,-78,77
LE0863.RAW,leaf,leaf,1,272,74,-74
LE0864.RAW,leaf,leaf,1,271,42,-42
LE0865.RAW,leaf,leaf,1,271,103,-105
LE0866.RAW,leaf,leaf,1,271,89,-91
LE0867.RAW,leaf,leaf,1,270,59,-60
LE0868.RAW,leaf,not_leaf,0,272,-65,82
LE0869.RAW,leaf,leaf,1,270,94,-96
LE0870.RAW,leaf,leaf,1,270,11,-10
LE0871.RAW,leaf,leaf,1,270,74,-73
LE0872.RAW,leaf,leaf,1,270,109,-111
LE0873.RAW,leaf,leaf,1,270,39,-38
LE0874.RAW,leaf,leaf,1,270,96,-95
LE0875.RAW,leaf,leaf,1,271,98,-99
LE0876.RAW,leaf,leaf,1,270,93,-93
LE0877.RAW,leaf,leaf,1,271,102,-99
LE0878.RAW,leaf,leaf,1,270,65,-57
LE0879.RAW,leaf,leaf,1,270,81,-82
LE0880.RAW,leaf,leaf,1,271,90,-89
LE0881.RAW,leaf,leaf,1,271,100,-102
LE0882.RAW,leaf,not_leaf,0,271,-86,88
LE0883.RAW,leaf,leaf,1,270,86,-87
LE0884.RAW,leaf,leaf,1,270,102,-102
LE0885.RAW,leaf,leaf,1,271,24,-24
LE0886.RAW,leaf,leaf,1,270,68,-68
LE0887.RAW,leaf,leaf,1,271,77,-78
LE0888.RAW,leaf,leaf,1,271,104,-103
LE0889.RAW,leaf,leaf,1,270,94,-99
LE0890.RAW,leaf,leaf,1,270,86,-89
LE0891.RAW,leaf,leaf,1,270,100,-100
LE0892.RAW,leaf,leaf,1,271,75,-74
LE0893.RAW,leaf,leaf,1,271,36,-33
LE0894.RAW,leaf,leaf,1,270,59,-58
LE0895.RAW,leaf,leaf,1,270,85,-86
LE0896.RAW,leaf,leaf,1,271,100,-100
LE0897.RAW,leaf,leaf,1,270,79,-79
LE0898.RAW,leaf,leaf,1,272,107,-108
LE0899.RAW,leaf,leaf,1,271,104,-104
LE0900.RAW,leaf,leaf,1,271,19,-17
LE0901.RAW,leaf,leaf,1,272,47,-44
LE0902.RAW,leaf,leaf,1,271,21,-21
LE0903.RAW,leaf,not_leaf,0,271,-51,54
LE0904.RAW,leaf,leaf,1,271,105,-105
LE0905.RAW,leaf,leaf,1,270,103,-106
LE0906.RAW,leaf,leaf,1,270,92,-92
LE0907.RAW,leaf,leaf,1,271,119,-114
LE0908.RAW,leaf,leaf,1,270,33,-34
LE0909.RAW,leaf,not_leaf,0,271,-100,105
LE0910.RAW,leaf,leaf,1,271,10,-13
LE0911.RAW,leaf,leaf,1,270,48,-43
LE0912.RAW,leaf,leaf,1,270,73,-72
LE0913.RAW,leaf,leaf,1,271,93,-96
LE0914.RAW,leaf,leaf,1,270,98,-100
LE0915.RAW,leaf,leaf,1,270,32,-34
LE0916.RAW,leaf,leaf,1,270,109,-110
LE0917.RAW,leaf,leaf,1,270,63,-61
LE0918.RAW,leaf,leaf,1,271,75,-74
LE0919.RAW,leaf,leaf,1,271,53,-53
LE0920.RAW,leaf,leaf,1,271,75,-74
LE0921.RAW,leaf,leaf,1,271,111,-113
LE0922.RAW,leaf,leaf,1,271,95,-91
LE0923.RAW,leaf,leaf,1,270,26,-23
LE0924.RAW,leaf,leaf,1,271,18,-16
LE0925.RAW,leaf,leaf,1,271,44,-39
LE0926.RAW,leaf,leaf,1,271,57,-58
LE0927.RAW,leaf,leaf,1,271,104,-106
LE0928.RAW,leaf,leaf,1,271,95,-97
LE0929.RAW,leaf,leaf,1,271,83,-81
LE0930.RAW,leaf,leaf,1,270,92,-94
LE0931.RAW,leaf,leaf,1,271,95,-95
LE0932.RAW,leaf,leaf,1,270,53,-51
LE0933.RAW,leaf,leaf,1,271,84,-84
LE0934.RAW,leaf,not_leaf,0,271,-40,41
LE0935.RAW,leaf,leaf,1,271,80,-78
LE0936.RAW,leaf,leaf,1,270,77,-75
LE0937.RAW,leaf,leaf,1,270,88,-89
LE0938.RAW,leaf,not_leaf,0,271,-99,118
LE0939.RAW,leaf,leaf,1,270,93,-95
LE0940.RAW,leaf,leaf,1,272,8,5
LE0941.RAW,leaf,leaf,1,271,107,-110
LE0942.RAW,leaf,leaf,1,271,108,-109
LE0943.RAW,leaf,leaf,1,271,103,-104
LE0944.RAW,leaf,leaf,1,271,92,-96
LE0945.RAW,leaf,leaf,1,270,107,-109
LE0946.RAW,leaf,leaf,1,271,91,-89
LE0947.RAW,leaf,leaf,1,271,96,-101
LE0948.RAW,leaf,leaf,1,271,109,-109
LE0949.RAW,leaf,leaf,1,271,73,-70
LE0950.RAW,leaf,leaf,1,271,89,-91
LE0951.RAW,leaf,leaf,1,270,89,-91
LE0952.RAW,leaf,not_leaf,0,271,-12,13
LE0953.RAW,leaf,leaf,1,271,95,-92
LE0954.RAW,leaf,leaf,1,270,93,-93
LE0955.RAW,leaf,leaf,1,270,78,-79
LE0956.RAW,leaf,leaf,1,271,82,-84
LE0957.RAW,leaf,leaf,1,271,62,-63
LE0958.RAW,leaf,leaf,1,270,86,-88
LE0959.RAW,leaf,leaf,1,271,45,-45
LE0960.RAW,leaf,leaf,1,271,53,-49
LE0961.RAW,leaf,leaf,1,270,86,-89
LE0962.RAW,leaf,leaf,1,271,64,-64
LE0963.RAW,leaf,leaf,1,271,73,-74
LE0964.RAW,leaf,leaf,1,270,106,-107
LE0965.RAW,leaf,leaf,1,271,98,-101
LE0966.RAW,leaf,leaf,1,271,70,-72
LE0967.RAW,leaf,leaf,1,270,89,-90
LE0968.RAW,leaf,leaf,1,271,83,-84
LE0969.RAW,leaf,leaf,1,271,78,-76
LE0970.RAW,leaf,leaf,1,271,16,-17
LE0971.RAW,leaf,leaf,1,270,96,-97
LE0972.RAW,leaf,leaf,1,271,108,-107
LE0973.RAW,leaf,not_leaf,0,271,-5,7
LE0974.RAW,leaf,leaf,1,271,41,-42
LE0975.RAW,leaf,leaf,1,271,94,-93
LE0976.RAW,leaf,leaf,1,270,30,-28
LE0977.RAW,leaf,leaf,1,270,110,-111
LE0978.RAW,leaf,leaf,1,270,104,-105
LE0979.RAW,leaf,leaf,1,270,49,-47
LE0980.RAW,leaf,leaf,1,270,98,-99
LE0981.RAW,leaf,leaf,1,270,102,-102
LE0982.RAW,leaf,leaf,1,270,71,-74
LE0983.RAW,leaf,leaf,1,270,91,-94
LE0984.RAW,leaf,leaf,1,271,98,-98
LE0985.RAW,leaf,leaf,1,270,72,-72
LE0986.RAW,leaf,leaf,1,270,94,-96
LE0987.RAW,leaf,leaf,1,271,5,-4
LE0988.RAW,leaf,leaf,1,270,41,-38
LE0989.RAW,leaf,leaf,1,271,95,-95
LE0990.RAW,leaf,not_leaf,0,271,-25,30
LE0991.RAW,leaf,leaf,1,271,48,-48
LE0992.RAW,leaf,leaf,1,271,111,-112
LE0993.RAW,leaf,leaf,1,271,93,-93
LE0994.RAW,leaf,leaf,1,272,77,-78
LE0995.RAW,leaf,leaf,1,270,99,-102
LE0996.RAW,leaf,leaf,1,271,69,-68
LE0997.RAW,leaf,not_leaf,0,271,-57,59
LE0998.RAW,leaf,leaf,1,272,115,-113
LE0999.RAW,leaf,leaf,1,270,102,-105
LE1000.RAW,leaf,leaf,1,271,73,-73
LE1001.RAW,leaf,leaf,1,271,103,-104
LE1002.RAW,leaf,leaf,1,271,93,-95
LE1003.RAW,leaf,not_leaf,0,271,-63,71
LE1004.RAW,leaf,leaf,1,270,63,-60
LE1005.RAW,leaf,leaf,1,270,62,-59
LE1006.RAW,leaf,leaf,1,271,95,-98
LE1007.RAW,leaf,leaf,1,271,103,-106
LE1008.RAW,leaf,leaf,1,270,105,-105
LE1009.RAW,leaf,leaf,1,271,70,-71
LE1010.RAW,leaf,leaf,1,270,95,-99
LE1011.RAW,leaf,leaf,1,270,90,-91
LE1012.RAW,leaf,leaf,1,271,109,-110
LE1013.RAW,leaf,leaf,1,271,83,-83
LE1014.RAW,leaf,leaf,1,271,78,-76
LE1015.RAW,leaf,leaf,1,271,118,-119
LE1016.RAW,leaf,leaf,1,270,94,-97
LE1017.RAW,leaf,leaf,1,271,94,-97
LE1018.RAW,leaf,leaf,1,272,8,-8
LE1019.RAW,leaf,leaf,1,270,69,-69
LE1020.RAW,leaf,leaf,1,270,53,-50
LE1021.RAW,leaf,not_leaf,0,270,-32,37
LE1022.RAW,leaf,leaf,1,272,38,-39
LE1023.RAW,leaf,leaf,1,270,32,-33
LE1024.RAW,leaf,leaf,1,270,86,-86
LE1025.RAW,leaf,leaf,1,270,95,-96
LE1026.RAW,leaf,leaf,1,270,100,-101
LE1027.RAW,leaf,leaf,1,270,109,-109
LE1028.RAW,leaf,leaf,1,271,43,-40
LE1029.RAW,leaf,leaf,1,271,99,-100
LE1030.RAW,leaf,leaf,1,271,91,-90
LE1031.RAW,leaf,leaf,1,271,98,-100
LE1032.RAW,leaf,leaf,1,271,81,-80
LE1033.RAW,leaf,leaf,1,271,88,-87
LE1034.RAW,leaf,leaf,1,270,97,-99
LE1035.RAW,leaf,leaf,1,270,43,-38
LE1036.RAW,leaf,leaf,1,270,66,-68
LE1037.RAW,leaf,leaf,1,270,70,-72
LE1038.RAW,leaf,leaf,1,271,35,-35
LE1039.RAW,leaf,leaf,1,271,91,-86
LE1040.RAW,leaf,leaf,1,271,50,-49
LE1041.RAW,leaf,leaf,1,271,86,-88
LE1042.RAW,leaf,not_leaf,0,271,-74,78
LE1043.RAW,leaf,leaf,1,271,94,-95
LE1044.RAW,leaf,leaf,1,271,107,-107
LE1045.RAW,leaf,leaf,1,271,75,-76
LE1046.RAW,leaf,leaf,1,271,77,-76
LE1047.RAW,leaf,leaf,1,270,80,-79
LE1048.RAW,leaf,leaf,1,270,94,-94
LE1049.RAW,leaf,leaf,1,271,92,-90
LE1050.RAW,leaf,leaf,1,270,99,-99
LE1051.RAW,leaf,leaf,1,270,85,-84
LE1052.RAW,leaf,leaf,1,271,63,-62
LE1053.RAW,leaf,leaf,1,270,83,-86
LE1054.RAW,leaf,leaf,1,270,77,-78
LE1055.RAW,leaf,not_leaf,0,270,1,4
LE1056.RAW,leaf,leaf,1,270,88,-90
LE1057.RAW,leaf,leaf,1,270,78,-79
LE1058.RAW,leaf,leaf,1,270,71,-70
LE1059.RAW,leaf,leaf,1,270,85,-87
LE1060.RAW,leaf,leaf,1,270,107,-105
LE1061.RAW,leaf,leaf,1,270,86,-87
LE1062.RAW,leaf,leaf,1,271,99,-100
LE1063.RAW,leaf,leaf,1,271,39,-38
LE1064.RAW,leaf,leaf,1,271,74,-71
LE1065.RAW,leaf,leaf,1,271,75,-78
LE1066.RAW,leaf,leaf,1,271,93,-95
LE1067.RAW,leaf,leaf,1,271,99,-101
LE1068.RAW,leaf,leaf,1,270,75,-75
LE1069.RAW,leaf,leaf,1,270,77,-76
LE1070.RAW,leaf,leaf,1,270,108,-106
LE1071.RAW,leaf,leaf,1,271,86,-85
LE1072.RAW,leaf,leaf,1,271,84,-83
LE1073.RAW,leaf,leaf,1,270,79,-79
LE1074.RAW,leaf,leaf,1,270,109,-110
LE1075.RAW,leaf,leaf,1,270,60,-58
LE1076.RAW,leaf,leaf,1,270,83,-83
LE1077.RAW,leaf,leaf,1,271,108,-110
LE1078.RAW,leaf,leaf,1,270,101,-103
LE1079.RAW,leaf,leaf,1,271,113,-113
LE1080.RAW,leaf,leaf,1,271,100,-99
LE1081.RAW,leaf,leaf,1,271,56,-56
LE1082.RAW,leaf,leaf,1,270,70,-70
LE1083.RAW,leaf,leaf,1,272,67,-69
LE1084.RAW,leaf,leaf,1,271,96,-96
LE1085.RAW,leaf,leaf,1,272,49,-46
LE1086.RAW,leaf,leaf,1,271,56,-53
LE1087.RAW,leaf,leaf,1,270,77,-76
LE1088.RAW,leaf,leaf,1,271,96,-100
LE1089.RAW,leaf,leaf,1,271,41,-39
LE1090.RAW,leaf,leaf,1,269,97,-99
LE1091.RAW,leaf,leaf,1,270,93,-92
LE1092.RAW,leaf,not_leaf,0,271,-36,40
LE1093.RAW,leaf,leaf,1,270,52,-53
LE1094.RAW,leaf,leaf,1,270,10,-3
LE1095.RAW,leaf,leaf,1,270,89,-90
LE1096.RAW,leaf,leaf,1,270,3,3
LE1097.RAW,leaf,leaf,1,271,121,-123
LE1098.RAW,leaf,leaf,1,270,96,-96
LE1099.RAW,leaf,not_leaf,0,270,-37,39
LE1100.RAW,leaf,leaf,1,271,65,-65
LE1101.RAW,leaf,leaf,1,270,96,-97
LE1102.RAW,leaf,leaf,1,271,84,-86
LE1103.RAW,leaf,leaf,1,270,94,-97
LE1104.RAW,leaf,leaf,1,270,96,-97
LE1105.RAW,leaf,leaf,1,271,84,-79
LE1106.RAW,leaf,leaf,1,271,77,-77
LE1107.RAW,leaf,leaf,1,271,85,-87
LE1108.RAW,leaf,leaf,1,271,68,-64
LE1109.RAW,leaf,leaf,1,271,76,-78
LE1110.RAW,leaf,leaf,1,271,108,-108
LE1111.RAW,leaf,leaf,1,270,98,-99
LE1112.RAW,leaf,leaf,1,270,100,-102
LE1113.RAW,leaf,leaf,1,270,26,-29
LE1114.RAW,leaf,leaf,1,271,112,-113
LE1115.RAW,leaf,leaf,1,270,56,-55
LE1116.RAW,leaf,leaf,1,270,85,-86
LE1117.RAW,leaf,leaf,1,270,98,-101
LE1118.RAW,leaf,leaf,1,270,102,-103
LE1119.RAW,leaf,leaf,1,271,127,-128
LE1120.RAW,leaf,leaf,1,270,81,-82
LE1121.RAW,leaf,leaf,1,271,83,-79
LE1122.RAW,leaf,leaf,1,271,21,-19
LE1123.RAW,leaf,leaf,1,271,25,-27
LE1124.RAW,leaf,leaf,1,271,124,-125
LE1125.RAW,leaf,leaf,1,270,102,-106
LE1126.RAW,leaf,leaf,1,270,99,-101
LE1127.RAW,leaf,leaf,1,271,81,-80
LE1128.RAW,leaf,leaf,1,271,113,-110
LE1129.RAW,leaf,leaf,1,271,101,-102
LE1130.RAW,leaf,leaf,1,271,76,-77
LE1131.RAW,leaf,leaf,1,271,106,-108
LE1132.RAW,leaf,leaf,1,271,113,-113
LE1133.RAW,leaf,leaf,1,271,78,-81
LE1134.RAW,leaf,leaf,1,270,103,-104
LE1135.RAW,leaf,leaf,1,270,108,-110
LE1136.RAW,leaf,leaf,1,270,88,-91
LE1137.RAW,leaf,leaf,1,270,89,-88
LE1138.RAW,leaf,leaf,1,270,81,-81
LE1139.RAW,leaf,leaf,1,270,101,-99
LE1140.RAW,leaf,leaf,1,270,74,-73
LE1141.RAW,leaf,leaf,1,271,115,-115
LE1142.RAW,leaf,leaf,1,270,92,-92
LE1143.RAW,leaf,leaf,1,271,65,-65
LE1144.RAW,leaf,leaf,1,271,43,-41
LE1145.RAW,leaf,leaf,1,271,94,-92
LE1146.RAW,leaf,leaf,1,271,93,-96
LE1147.RAW,leaf,leaf,1,271,99,-99
LE1148.RAW,leaf,leaf,1,270,15,-12
LE1149.RAW,leaf,leaf,1,271,125,-127
LE1150.RAW,leaf,leaf,1,270,22,-21
LE1151.RAW,leaf,leaf,1,270,116,-116
LE1152.RAW,leaf,leaf,1,270,119,-117
LE1153.RAW,leaf,leaf,1,271,84,-82
LE1154.RAW,leaf,leaf,1,270,91,-92
LE1155.RAW,leaf,leaf,1,270,100,-102
LE1156.RAW,leaf,leaf,1,270,89,-91
LE1157.RAW,leaf,leaf,1,271,60,-55
LE1158.RAW,leaf,leaf,1,270,58,-55
LE1159.RAW,leaf,leaf,1,270,79,-81
LE1160.RAW,leaf,leaf,1,270,74,-72
LE1161.RAW,leaf,leaf,1,270,104,-104
LE1162.RAW,leaf,leaf,1,270,85,-86
LE1163.RAW,leaf,leaf,1,270,85,-85
LE1164.RAW,leaf,leaf,1,270,53,-53
LE1165.RAW,leaf,leaf,1,271,67,-64
LE1166.RAW,leaf,not_leaf,0,271,-6,11
LE1167.RAW,leaf,leaf,1,271,30,-31
LE1168.RAW,leaf,leaf,1,270,110,-112
LE1169.RAW,leaf,leaf,1,271,107,-108
LE1170.RAW,leaf,leaf,1,270,93,-92
LE1171.RAW,leaf,leaf,1,270,74,-75
LE1172.RAW,leaf,leaf,1,271,115,-117
LE1173.RAW,leaf,leaf,1,271,28,-24
LE1174.RAW,leaf,leaf,1,271,98,-101
LE1175.RAW,leaf,not_leaf,0,271,-31,33
LE1176.RAW,leaf,leaf,1,271,103,-105
LE1177.RAW,leaf,leaf,1,270,65,-68
LE1178.RAW,leaf,leaf,1,271,88,-90
LE1179.RAW,leaf,leaf,1,271,77,-77
LE1180.RAW,leaf,not_leaf,0,271,-1,0
LE1181.RAW,leaf,leaf,1,271,54,-50
LE1182.RAW,leaf,leaf,1,271,85,-86
LE1183.RAW,leaf,leaf,1,270,92,-96
LE1184.RAW,leaf,leaf,1,271,97,-97
LE1185.RAW,leaf,leaf,1,270,77,-77
LE1186.RAW,leaf,leaf,1,270,66,-67
LE1187.RAW,leaf,leaf,1,271,105,-105
LE1188.RAW,leaf,leaf,1,270,27,-22
LE1189.RAW,leaf,leaf,1,271,6,-9
LE1190.RAW,leaf,not_leaf,0,270,2,3
LE1191.RAW,leaf,leaf,1,270,105,-105
LE1192.RAW,leaf,leaf,1,269,76,-78
LE1193.RAW,leaf,leaf,1,270,76,-76
LE1194.RAW,leaf,leaf,1,270,104,-105
LE1195.RAW,leaf,leaf,1,271,102,-105
LE1196.RAW,leaf,leaf,1,271,109,-110
LE1197.RAW,leaf,leaf,1,270,89,-90
LE1198.RAW,leaf,leaf,1,271,108,-106
LE1199.RAW,leaf,leaf,1,271,103,-103
LE1200.RAW,leaf,leaf,1,271,37,-30
LE1201.RAW,leaf,leaf,1,270,106,-106
LE1202.RAW,leaf,leaf,1,270,100,-102
LE1203.RAW,leaf,leaf,1,270,72,-73
LE1204.RAW,leaf,leaf,1,270,81,-84
LE1205.RAW,leaf,leaf,1,271,3,0
LE1206.RAW,leaf,leaf,1,271,96,-97
LE1207.RAW,leaf,leaf,1,270,82,-85
LE1208.RAW,leaf,leaf,1,271,103,-105
LE1209.RAW,leaf,leaf,1,270,13,-8
LE1210.RAW,leaf,leaf,1,271,57,-56
LE1211.RAW,leaf,leaf,1,271,33,-35
LE1212.RAW,leaf,not_leaf,0,271,-32,33
LE1213.RAW,leaf,leaf,1,272,66,-64
LE1214.RAW,leaf,leaf,1,271,98,-100
LE1215.RAW,leaf,leaf,1,271,79,-77
LE1216.RAW,leaf,leaf,1,271,101,-101
LE1217.RAW,leaf,leaf,1,271,19,-12
LE1218.RAW,leaf,leaf,1,271,62,-64
LE1219.RAW,leaf,leaf,1,271,107,-107
LE1220.RAW,leaf,not_leaf,0,271,-12,21
LE1221.RAW,leaf,leaf,1,270,62,-61
LE1222.RAW,leaf,not_leaf,0,271,-28,31
LE1223.RAW,leaf,leaf,1,271,96,-95
LE1224.RAW,leaf,leaf,1,271,66,-67
LE1225.RAW,leaf,leaf,1,270,64,-60
LE1226.RAW,leaf,not_leaf,0,270,-2,4
LE1227.RAW,leaf,leaf,1,270,88,-90
LE1228.RAW,leaf,leaf,1,270,90,-91
LE1229.RAW,leaf,leaf,1,269,55,-55
LE1230.RAW,leaf,leaf,1,271,111,-112
LE1231.RAW,leaf,leaf,1,271,10,-8
LE1232.RAW,leaf,leaf,1,270,111,-112
LE1233.RAW,leaf,leaf,1,270,69,-69
LE1234.RAW,leaf,leaf,1,271,99,-95
LE1235.RAW,leaf,not_leaf,0,270,-51,52
LE1236.RAW,leaf,leaf,1,271,45,-45
LE1237.RAW,leaf,leaf,1,272,102,-101
LE1238.RAW,leaf,leaf,1,270,9,-13
LE1239.RAW,leaf,leaf,1,270,74,-73
LE1240.RAW,leaf,leaf,1,271,10,-10
LE1241.RAW,leaf,leaf,1,270,94,-96
LE1242.RAW,leaf,leaf,1,270,88,-90
LE1243.RAW,leaf,leaf,1,271,82,-84
LE1244.RAW,leaf,leaf,1,270,103,-105
LE1245.RAW,leaf,not_leaf,0,271,-28,32
LE1246.RAW,leaf,leaf,1,271,56,-55
LE1247.RAW,leaf,leaf,1,271,104,-104
LE1248.RAW,leaf,leaf,1,270,85,-87
LE1249.RAW,leaf,leaf,1,272,100,-101
LE1250.RAW,leaf,not_leaf,0,271,-3,1
LE1251.RAW,leaf,not_leaf,0,271,-6,4
LE1252.RAW,leaf,leaf,1,271,93,-92
LE1253.RAW,leaf,leaf,1,271,46,-46
LE1254.RAW,leaf,leaf,1,270,104,-105
LE1255.RAW,leaf,leaf,1,270,91,-95
LE1256.RAW,leaf,leaf,1,270,43,-41
LE1257.RAW,leaf,leaf,1,271,34,-35
LE1258.RAW,leaf,leaf,1,271,67,-70
LE1259.RAW,leaf,leaf,1,271,44,-45
LE1260.RAW,leaf,leaf,1,271,84,-84
LE1261.RAW,leaf,leaf,1,271,28,-26
LE1262.RAW,leaf,leaf,1,270,93,-94
LE1263.RAW,leaf,leaf,1,270,69,-69
LE1264.RAW,leaf,leaf,1,270,63,-58
LE1265.RAW,leaf,not_leaf,0,271,-12,17
LE1266.RAW,leaf,not_leaf,0,271,-9,10
LE1267.RAW,leaf,not_leaf,0,270,-95,97
LE1268.RAW,leaf,leaf,1,270,38,-33
LE1269.RAW,leaf,leaf,1,271,70,-71
LE1270.RAW,leaf,leaf,1,270,92,-93
LE1271.RAW,leaf,leaf,1,271,9,-8
LE1272.RAW,leaf,leaf,1,270,68,-68
LE1273.RAW,leaf,leaf,1,270,13,-11
LE1274.RAW,leaf,leaf,1,271,108,-109
LE1275.RAW,leaf,leaf,1,270,52,-51
LE1276.RAW,leaf,leaf,1,270,97,-98
LE1277.RAW,leaf,leaf,1,271,103,-101
LE1278.RAW,leaf,leaf,1,270,95,-97
LE1279.RAW,leaf,leaf,1,270,70,-69
LE1280.RAW,leaf,leaf,1,270,108,-111
LE1281.RAW,leaf,leaf,1,271,74,-71
LE1282.RAW,leaf,leaf,1,270,76,-79
LE1283.RAW,leaf,leaf,1,271,85,-85
LE1284.RAW,leaf,not_leaf,0,271,-8,9
LE1285.RAW,leaf,leaf,1,271,92,-93
LE1286.RAW,leaf,leaf,1,271,88,-87
LE1287.RAW,leaf,leaf,1,270,86,-86
LE1288.RAW,leaf,leaf,1,271,100,-102
LE1289.RAW,leaf,leaf,1,271,98,-99
LE1290.RAW,leaf,leaf,1,270,84,-86
LE1291.RAW,leaf,leaf,1,271,62,-60
LE1292.RAW,leaf,leaf,1,271,86,-87
LE1293.RAW,leaf,leaf,1,271,52,-52
LE1294.RAW,leaf,leaf,1,272,85,-84
LE1295.RAW,leaf,leaf,1,271,81,-84
LE1296.RAW,leaf,leaf,1,270,81,-84
LE1297.RAW,leaf,leaf,1,271,101,-104
LE1298.RAW,leaf,leaf,1,270,45,-44
LE1299.RAW,leaf,leaf,1,271,74,-73
LE1300.RAW,leaf,leaf,1,270,89,-90
LE1301.RAW,leaf,leaf,1,270,121,-120
LE1302.RAW,leaf,leaf,1,270,105,-105
LE1303.RAW,leaf,leaf,1,271,119,-118
LE1304.RAW,leaf,leaf,1,272,33,-30
LE1305.RAW,leaf,leaf,1,270,85,-90
LE1306.RAW,leaf,leaf,1,270,5,-2
LE1307.RAW,leaf,leaf,1,271,97,-96
LE1308.RAW,leaf,leaf,1,270,27,-27
LE1309.RAW,leaf,leaf,1,270,99,-100
LE1310.RAW,leaf,leaf,1,270,58,-54
LE1311.RAW,leaf,leaf,1,270,69,-67
LE1312.RAW,leaf,leaf,1,270,71,-72
LE1313.RAW,leaf,leaf,1,270,97,-99
LE1314.RAW,leaf,leaf,1,271,50,-46
LE1315.RAW,leaf,leaf,1,271,46,-46
LE1316.RAW,leaf,leaf,1,270,60,-58
LE1317.RAW,leaf,leaf,1,270,111,-113
LE1318.RAW,leaf,leaf,1,271,88,-86
LE1319.RAW,leaf,leaf,1,271,53,-45
LE1320.RAW,leaf,leaf,1,270,53,-51
LE1321.RAW,leaf,leaf,1,270,72,-71
LE1322.RAW,leaf,leaf,1,271,98,-98
LE1323.RAW,leaf,leaf,1,270,57,-55
LE1324.RAW,leaf,leaf,1,271,84,-84
LE1325.RAW,leaf,leaf,1,271,0,0
LE1326.RAW,leaf,leaf,1,271,98,-96
LE1327.RAW,leaf,leaf,1,271,62,-65
LE1328.RAW,leaf,leaf,1,271,86,-86
LE1329.RAW,leaf,leaf,1,270,59,-56
LE1330.RAW,leaf,leaf,1,271,102,-103
LE1331.RAW,leaf,leaf,1,271,76,-78
LE1332.RAW,leaf,not_leaf,0,272,-9,16
LE1333.RAW,leaf,leaf,1,271,109,-108
LE1334.RAW,leaf,leaf,1,271,103,-103
LE1335.RAW,leaf,leaf,1,271,8,0
LE1336.RAW,leaf,leaf,1,271,101,-101
LE1337.RAW,leaf,leaf,1,272,90,-81
LE1338.RAW,leaf,not_leaf,0,272,-90,95
LE1339.RAW,leaf,leaf,1,271,95,-96
LE1340.RAW,leaf,leaf,1,272,83,-84
LE1341.RAW,leaf,not_leaf,0,270,-26,26
LE1342.RAW,leaf,leaf,1,271,93,-93
LE1343.RAW,leaf,leaf,1,270,76,-76
LE1344.RAW,leaf,leaf,1,271,58,-57
LE1345.RAW,leaf,leaf,1,270,79,-79
LE1346.RAW,leaf,leaf,1,270,42,-40
LE1347.RAW,leaf,leaf,1,271,120,-123
LE1348.RAW,leaf,leaf,1,270,42,-39
LE1349.RAW,leaf,not_leaf,0,271,-59,60
LE1350.RAW,leaf,leaf,1,270,102,-101
LE1351.RAW,leaf,leaf,1,270,107,-108
LE1352.RAW,leaf,leaf,1,271,20,-23
LE1353.RAW,leaf,leaf,1,270,65,-66
LE1354.RAW,leaf,leaf,1,270,74,-72
LE1355.RAW,leaf,leaf,1,271,116,-114
LE1356.RAW,leaf,leaf,1,271,115,-116
LE1357.RAW,leaf,leaf,1,271,19,-16
LE1358.RAW,leaf,leaf,1,270,68,-67
LE1359.RAW,leaf,leaf,1,271,67,-64
LE1360.RAW,leaf,leaf,1,271,66,-69
LE1361.RAW,leaf,leaf,1,271,6,0
LE1362.RAW,leaf,leaf,1,271,57,-57
LE1363.RAW,leaf,not_leaf,0,271,-16,18
LE1364.RAW,leaf,leaf,1,270,103,-104
LE1365.RAW,leaf,leaf,1,271,92,-89
LE1366.RAW,leaf,leaf,1,271,69,-70
LE1367.RAW,leaf,leaf,1,270,94,-97
LE1368.RAW,leaf,leaf,1,272,93,-94
LE1369.RAW,leaf,leaf,1,271,69,-62
LE1370.RAW,leaf,not_leaf,0,272,-11,17
LE1371.RAW,leaf,not_leaf,0,271,-28,32
LE1372.RAW,leaf,leaf,1,271,124,-125
LE1373.RAW,leaf,leaf,1,271,14,-10
LE1374.RAW,leaf,leaf,1,271,62,-61
LE1375.RAW,leaf,leaf,1,271,115,-116
LE1376.RAW,leaf,not_leaf,0,271,-23,29
LE1377.RAW,leaf,leaf,1,271,51,-48
LE1378.RAW,leaf,leaf,1,271,113,-115
LE1379.RAW,leaf,leaf,1,271,30,-25
LE1380.RAW,leaf,leaf,1,271,119,-119
LE1381.RAW,leaf,leaf,1,270,87,-88
LE1382.RAW,leaf,leaf,1,270,48,-45
LE1383.RAW,leaf,leaf,1,270,11,-11
LE1384.RAW,leaf,leaf,1,271,74,-73
LE1385.RAW,leaf,leaf,1,270,75,-77
LE1386.RAW,leaf,leaf,1,270,8,-5
LE1387.RAW,leaf,leaf,1,270,103,-103
LE1388.RAW,leaf,leaf,1,270,42,-42
LE1389.RAW,leaf,leaf,1,271,117,-118
LE1390.RAW,leaf,leaf,1,270,76,-77
LE1391.RAW,leaf,leaf,1,270,63,-65
LE1392.RAW,leaf,leaf,1,270,83,-85
LE1393.RAW,leaf,leaf,1,270,86,-86
LE1394.RAW,leaf,leaf,1,270,90,-91
LE1395.RAW,leaf,leaf,1,270,101,-104
LE1396.RAW,leaf,leaf,1,270,66,-67
LE1397.RAW,leaf,leaf,1,271,20,-18
LE1398.RAW,leaf,leaf,1,271,108,-108
LE1399.RAW,leaf,leaf,1,271,14,-13
LE1400.RAW,leaf,leaf,1,271,78,-78
LE1401.RAW,leaf,leaf,1,271,104,-105
LE1402.RAW,leaf,leaf,1,271,90,-94
LE1403.RAW,leaf,leaf,1,270,78,-78
LE1404.RAW,leaf,leaf,1,271,5,-3
LE1405.RAW,leaf,leaf,1,271,88,-89
LE1406.RAW,leaf,leaf,1,271,92,-88
LE1407.RAW,leaf,leaf,1,271,70,-70
LE1408.RAW,leaf,not_leaf,0,271,-3,8
LE1409.RAW,leaf,leaf,1,272,84,-82
LE1410.RAW,leaf,leaf,1,271,100,-100
LE1411.RAW,leaf,leaf,1,271,101,-100
LE1412.RAW,leaf,not_leaf,0,271,-30,27
LE1413.RAW,leaf,leaf,1,271,36,-36
LE1414.RAW,leaf,not_leaf,0,271,-2,7
LE1415.RAW,leaf,not_leaf,0,271,-21,19
LE1416.RAW,leaf,leaf,1,270,80,-81
LE1417.RAW,leaf,leaf,1,270,78,-80
LE1418.RAW,leaf,leaf,1,271,40,-38
LE1419.RAW,leaf,not_leaf,0,272,-69,71
LE1420.RAW,leaf,not_leaf,0,271,-6,9
LE1421.RAW,leaf,leaf,1,270,71,-69
LE1422.RAW,leaf,leaf,1,270,99,-101
LE1423.RAW,leaf,leaf,1,270,2,0
LE1424.RAW,leaf,leaf,1,270,99,-100
LE1425.RAW,leaf,leaf,1,270,70,-70
LE1426.RAW,leaf,leaf,1,270,97,-98
LE1427.RAW,leaf,leaf,1,270,105,-107
LE1428.RAW,leaf,leaf,1,270,101,-105
LE1429.RAW,leaf,leaf,1,271,72,-72
LE1430.RAW,leaf,leaf,1,270,105,-105
LE1431.RAW,leaf,leaf,1,270,69,-70
LE1432.RAW,leaf,leaf,1,270,97,-99
LE1433.RAW,leaf,leaf,1,270,30,-31
LE1434.RAW,leaf,leaf,1,272,40,-41
LE1435.RAW,leaf,leaf,1,270,77,-78
LE1436.RAW,leaf,leaf,1,270,102,-104
LE1437.RAW,leaf,leaf,1,270,76,-76
LE1438.RAW,leaf,leaf,1,270,25,-26
LE1439.RAW,leaf,leaf,1,270,86,-89
LE1440.RAW,leaf,leaf,1,270,67,-66
LE1441.RAW,leaf,leaf,1,271,101,-97
LE1442.RAW,leaf,leaf,1,270,92,-92
LE1443.RAW,leaf,leaf,1,271,94,-91
LE1444.RAW,leaf,not_leaf,0,272,-27,31
LE1445.RAW,leaf,leaf,1,271,95,-94
LE1446.RAW,leaf,leaf,1,270,94,-96
LE1447.RAW,leaf,leaf,1,270,80,-81
LE1448.RAW,leaf,leaf,1,271,109,-109
LE1449.RAW,leaf,leaf,1,271,99,-98
LE1450.RAW,leaf,leaf,1,272,102,-102
LE1451.RAW,leaf,leaf,1,270,47,-44
LE1452.RAW,leaf,leaf,1,270,41,-40
LE1453.RAW,leaf,leaf,1,271,96,-96
LE1454.RAW,leaf,leaf,1,271,95,-97
LE1455.RAW,leaf,leaf,1,271,92,-90
LE1456.RAW,leaf,leaf,1,271,64,-67
LE1457.RAW,leaf,leaf,1,271,99,-101
LE1458.RAW,leaf,leaf,1,270,21,-14
LE1459.RAW,leaf,leaf,1,270,96,-97
LE1460.RAW,leaf,leaf,1,270,69,-70
LE1461.RAW,leaf,leaf,1,270,54,-54
LE1462.RAW,leaf,leaf,1,270,127,-128
LE1463.RAW,leaf,leaf,1,270,102,-103
LE1464.RAW,leaf,leaf,1,270,23,-22
LE1465.RAW,leaf,leaf,1,270,29,-25
LE1466.RAW,leaf,leaf,1,270,54,-55
LE1467.RAW,leaf,leaf,1,271,81,-80
LE1468.RAW,leaf,leaf,1,271,43,-43
LE1469.RAW,leaf,leaf,1,271,12,-4
LE1470.RAW,leaf,leaf,1,270,55,-57
LE1471.RAW,leaf,not_leaf,0,270,-16,12
LE1472.RAW,leaf,leaf,1,270,117,-117
LE1473.RAW,leaf,leaf,1,270,86,-86
LE1474.RAW,leaf,leaf,1,270,92,-94
LE1475.RAW,leaf,leaf,1,271,89,-88
LE1476.RAW,leaf,leaf,1,271,76,-74
LE1477.RAW,leaf,leaf,1,270,94,-95
LE1478.RAW,leaf,leaf,1,271,113,-114
LE1479.RAW,leaf,leaf,1,270,70,-69
LE1480.RAW,leaf,leaf,1,271,77,-81
LE1481.RAW,leaf,leaf,1,271,39,-34
LE1482.RAW,leaf,leaf,1,271,88,-88
LE1483.RAW,leaf,leaf,1,271,79,-82
LE1484.RAW,leaf,leaf,1,270,95,-99
LE1485.RAW,leaf,leaf,1,271,106,-106
LE1486.RAW,leaf,leaf,1,271,90,-89
LE1487.RAW,leaf,leaf,1,271,109,-110
LE1488.RAW,leaf,leaf,1,271,102,-103
LE1489.RAW,leaf,leaf,1,271,59,-60
LE1490.RAW,leaf,leaf,1,271,90,-91
LE1491.RAW,leaf,leaf,1,272,29,-26
LE1492.RAW,leaf,leaf,1,270,96,-98
LE1493.RAW,leaf,leaf,1,270,41,-37
LE1494.RAW,leaf,not_leaf,0,271,-21,33
LE1495.RAW,leaf,leaf,1,270,69,-67
LE1496.RAW,leaf,leaf,1,270,38,-38
LE1497.RAW,leaf,leaf,1,271,106,-106
LE1498.RAW,leaf,leaf,1,270,91,-92
LE1499.RAW,leaf,not_leaf,0,271,-29,37
LE1500.RAW,leaf,leaf,1,271,112,-112
LE1501.RAW,leaf,leaf,1,271,88,-83
LE1502.RAW,leaf,leaf,1,270,88,-90
LE1503.RAW,leaf,leaf,1,270,76,-72
LE1504.RAW,leaf,leaf,1,270,99,-100
LE1505.RAW,leaf,leaf,1,270,76,-73
LE1506.RAW,leaf,not_leaf,0,272,-14,17
LE1507.RAW,leaf,leaf,1,270,103,-105
LE1508.RAW,leaf,leaf,1,271,29,-29
LE1509.RAW,leaf,leaf,1,270,46,-48
LE1510.RAW,leaf,leaf,1,270,97,-97
LE1511.RAW,leaf,leaf,1,270,96,-92
LE1512.RAW,leaf,leaf,1,271,87,-84
LE1513.RAW,leaf,leaf,1,270,89,-92
LE1514.RAW,leaf,leaf,1,270,84,-86
LE1515.RAW,leaf,leaf,1,270,20,-20
LE1516.RAW,leaf,leaf,1,271,85,-87
LE1517.RAW,leaf,leaf,1,271,39,-39
LE1518.RAW,leaf,leaf,1,270,102,-103
LE1519.RAW,leaf,not_leaf,0,271,-13,13
LE1520.RAW,leaf,leaf,1,270,113,-115
LE1521.RAW,leaf,leaf,1,270,7,-9
LE1522.RAW,leaf,leaf,1,270,101,-102
LE1523.RAW,leaf,leaf,1,270,63,-63
LE1524.RAW,leaf,leaf,1,271,98,-98
LE1525.RAW,leaf,leaf,1,270,80,-83
LE1526.RAW,leaf,leaf,1,271,66,-60
LE1527.RAW,leaf,not_leaf,0,271,-42,42
LE1528.RAW,leaf,leaf,1,271,60,-60
LE1529.RAW,leaf,leaf,1,271,103,-105
LE1530.RAW,leaf,leaf,1,271,85,-82
LE1531.RAW,leaf,leaf,1,271,74,-73
LE1532.RAW,leaf,leaf,1,271,94,-94
LE1533.RAW,leaf,leaf,1,270,93,-94
LE1534.RAW,leaf,leaf,1,271,15,-16
LE1535.RAW,leaf,leaf,1,271,101,-102
LE1536.RAW,leaf,leaf,1,270,73,-74
LE1537.RAW,leaf,leaf,1,270,73,-74
LE1538.RAW,leaf,leaf,1,270,89,-89
LE1539.RAW,leaf,leaf,1,270,80,-80
LE1540.RAW,leaf,leaf,1,271,36,-32
LE1541.RAW,leaf,leaf,1,270,78,-81
LE1542.RAW,leaf,leaf,1,271,1,-1
LE1543.RAW,leaf,leaf,1,270,97,-97
LE1544.RAW,leaf,leaf,1,270,79,-78
LE1545.RAW,leaf,leaf,1,270,109,-111
LE1546.RAW,leaf,leaf,1,270,87,-91
LE1547.RAW,leaf,leaf,1,270,121,-123
LE1548.RAW,leaf,leaf,1,271,61,-65
LE1549.RAW,leaf,leaf,1,270,73,-73
LE1550.RAW,leaf,leaf,1,271,33,-28
LE1551.RAW,leaf,leaf,1,270,16,-16
LE1552.RAW,leaf,leaf,1,271,86,-87
LE1553.RAW,leaf,leaf,1,270,107,-109
LE1554.RAW,leaf,leaf,1,271,77,-76
LE1555.RAW,leaf,leaf,1,270,16,-9
LE1556.RAW,leaf,leaf,1,270,93,-97
LE1557.RAW,leaf,leaf,1,270,41,-36
LE1558.RAW,leaf,leaf,1,271,105,-103
LE1559.RAW,leaf,leaf,1,270,84,-85
LE1560.RAW,leaf,leaf,1,271,87,-88
LE1561.RAW,leaf,leaf,1,271,5,-7
LE1562.RAW,leaf,leaf,1,271,96,-97
LE1563.RAW,leaf,leaf,1,271,103,-103
LE1564.RAW,leaf,leaf,1,270,100,-100
LE1565.RAW,leaf,leaf,1,270,101,-102
LE1566.RAW,leaf,leaf,1,271,101,-104
LE1567.RAW,leaf,leaf,1,270,23,-21
LE1568.RAW,leaf,leaf,1,270,113,-114
LE1569.RAW,leaf,leaf,1,270,55,-53
LE1570.RAW,leaf,leaf,1,270,92,-94
LE1571.RAW,leaf,leaf,1,271,21,-20
LE1572.RAW,leaf,leaf,1,271,103,-103
LE1573.RAW,leaf,leaf,1,270,74,-74
LE1574.RAW,leaf,leaf,1,271,3,-5
LE1575.RAW,leaf,leaf,1,271,111,-111
LE1576.RAW,leaf,leaf,1,271,103,-103
LE1577.RAW,leaf,leaf,1,271,52,-54
LE1578.RAW,leaf,leaf,1,271,90,-90
LE1579.RAW,leaf,leaf,1,271,92,-93
LE1580.RAW,leaf,leaf,1,271,62,-61
LE1581.RAW,leaf,not_leaf,0,271,-11,15
LE1582.RAW,leaf,leaf,1,271,75,-75
LE1583.RAW,leaf,leaf,1,272,116,-115
LE1584.RAW,leaf,leaf,1,271,107,-106
LE1585.RAW,leaf,leaf,1,270,108,-108
LE1586.RAW,leaf,leaf,1,270,98,-98
LE1587.RAW,leaf,leaf,1,271,120,-121
LE1588.RAW,leaf,leaf,1,270,89,-87
LE1589.RAW,leaf,leaf,1,270,41,-41
LE1590.RAW,leaf,not_leaf,0,270,-13,19
LE1591.RAW,leaf,leaf,1,270,71,-69
LE1592.RAW,leaf,leaf,1,271,14,-13
LE1593.RAW,leaf,leaf,1,271,37,-36
LE1594.RAW,leaf,leaf,1,271,55,-58
LE1595.RAW,leaf,leaf,1,270,95,-95
LE1596.RAW,leaf,leaf,1,271,95,-97
LE1597.RAW,leaf,leaf,1,270,63,-63
LE1598.RAW,leaf,leaf,1,272,89,-89
LE1599.RAW,leaf,leaf,1,271,114,-115
LE1600.RAW,leaf,not_leaf,0,271,-122,127
LE1601.RAW,leaf,leaf,1,271,104,-103
LE1602.RAW,leaf,leaf,1,270,85,-87
LE1603.RAW,leaf,leaf,1,271,43,-43
LE1604.RAW,leaf,leaf,1,271,101,-102
LE1605.RAW,leaf,leaf,1,271,101,-100
LE1606.RAW,leaf,leaf,1,271,91,-92
LE1607.RAW,leaf,leaf,1,271,126,-124
LE1608.RAW,leaf,leaf,1,271,120,-122
LE1609.RAW,leaf,leaf,1,270,57,-57
LE1610.RAW,leaf,leaf,1,270,81,-82
LE1611.RAW,leaf,leaf,1,271,102,-101
LE1612.RAW,leaf,leaf,1,270,45,-44
LE1613.RAW,leaf,leaf,1,271,18,-13
LE1614.RAW,leaf,leaf,1,270,39,-39
LE1615.RAW,leaf,leaf,1,270,81,-82
LE1616.RAW,leaf,leaf,1,270,86,-87
LE1617.RAW,leaf,leaf,1,271,83,-83
LE1618.RAW,leaf,leaf,1,270,75,-70
LE1619.RAW,leaf,leaf,1,270,92,-95
LE1620.RAW,leaf,leaf,1,271,2,-3
LE1621.RAW,leaf,leaf,1,270,86,-88
LE1622.RAW,leaf,leaf,1,271,82,-83
LE1623.RAW,leaf,leaf,1,271,90,-91
LE1624.RAW,leaf,leaf,1,270,102,-103
LE1625.RAW,leaf,leaf,1,270,54,-51
LE1626.RAW,leaf,leaf,1,270,44,-43
LE1627.RAW,leaf,leaf,1,270,82,-81
LE1628.RAW,leaf,leaf,1,270,105,-106
LE1629.RAW,leaf,leaf,1,271,46,-47
LE1630.RAW,leaf,not_leaf,0,271,-29,35
LE1631.RAW,leaf,leaf,1,271,89,-90
LE1632.RAW,leaf,not_leaf,0,271,-41,45
LE1633.RAW,leaf,leaf,1,271,64,-62
LE1634.RAW,leaf,not_leaf,0,271,-22,26
LE1635.RAW,leaf,leaf,1,270,103,-105
LE1636.RAW,leaf,leaf,1,269,87,-90
LE1637.RAW,leaf,not_leaf,0,270,-39,44
LE1638.RAW,leaf,not_leaf,0,271,-24,32
LE1639.RAW,leaf,leaf,1,270,34,-32
LE1640.RAW,leaf,leaf,1,271,117,-117
LE1641.RAW,leaf,leaf,1,271,38,-36
LE1642.RAW,leaf,leaf,1,270,77,-77
LE1643.RAW,leaf,leaf,1,271,95,-98
LE1644.RAW,leaf,leaf,1,271,36,-33
LE1645.RAW,leaf,leaf,1,271,109,-110
LE1646.RAW,leaf,not_leaf,0,270,-55,54
LE1647.RAW,leaf,not_leaf,0,271,-12,12
LE1648.RAW,leaf,not_leaf,0,270,-4,4
LE1649.RAW,leaf,leaf,1,271,115,-116
LE1650.RAW,leaf,leaf,1,271,102,-102
LE1651.RAW,leaf,leaf,1,271,103,-105
LE1652.RAW,leaf,leaf,1,271,102,-105
LE1653.RAW,leaf,leaf,1,271,64,-66
LE1654.RAW,leaf,leaf,1,271,27,-22
LE1655.RAW,leaf,leaf,1,270,32,-35
LE1656.RAW,leaf,leaf,1,270,59,-57
LE1657.RAW,leaf,leaf,1,271,81,-77
LE1658.RAW,leaf,not_leaf,0,271,-15,16
LE1659.RAW,leaf,leaf,1,270,99,-101
LE1660.RAW,leaf,leaf,1,270,69,-67
LE1661.RAW,leaf,not_leaf,0,271,-23,19
LE1662.RAW,leaf,leaf,1,270,74,-74
LE1663.RAW,leaf,leaf,1,270,3,-2
LE1664.RAW,leaf,leaf,1,271,88,-89
LE1665.RAW,leaf,leaf,1,270,102,-104
LE1666.RAW,leaf,leaf,1,270,84,-83
LE1667.RAW,leaf,leaf,1,271,91,-93
LE1668.RAW,leaf,not_leaf,0,271,-9,8
LE1669.RAW,leaf,leaf,1,271,83,-85
LE1670.RAW,leaf,leaf,1,270,62,-61
LE1671.RAW,leaf,leaf,1,270,94,-94
LE1672.RAW,leaf,not_leaf,0,270,-7,7
LE1673.RAW,leaf,leaf,1,271,56,-53
LE1674.RAW,leaf,leaf,1,270,98,-98
LE1675.RAW,leaf,leaf,1,270,93,-93
LE1676.RAW,leaf,leaf,1,271,96,-98
LE1677.RAW,leaf,leaf,1,271,12,-13
LE1678.RAW,leaf,leaf,1,270,65,-62
LE1679.RAW,leaf,leaf,1,271,81,-82
LE1680.RAW,leaf,leaf,1,271,90,-86
LE1681.RAW,leaf,leaf,1,270,93,-93
LE1682.RAW,leaf,leaf,1,270,95,-96
LE1683.RAW,leaf,leaf,1,271,77,-77
LE1684.RAW,leaf,leaf,1,271,77,-77
LE1685.RAW,leaf,leaf,1,271,96,-98
LE1686.RAW,leaf,not_leaf,0,270,-14,16
LE1687.RAW,leaf,leaf,1,270,87,-90
LE1688.RAW,leaf,leaf,1,270,69,-68
LE1689.RAW,leaf,leaf,1,270,40,-38
LE1690.RAW,leaf,leaf,1,270,82,-83
LE1691.RAW,leaf,not_leaf,0,271,-114,111
LE1692.RAW,leaf,leaf,1,271,122,-121
LE1693.RAW,leaf,leaf,1,271,100,-96
LE1694.RAW,leaf,leaf,1,270,107,-110
LE1695.RAW,leaf,leaf,1,270,50,-48
LE1696.RAW,leaf,leaf,1,271,100,-100
LE1697.RAW,leaf,leaf,1,271,24,-24
LE1698.RAW,leaf,leaf,1,270,80,-82
LE1699.RAW,leaf,leaf,1,270,58,-57
LE1700.RAW,leaf,leaf,1,271,44,-43
LE1701.RAW,leaf,not_leaf,0,271,-10,13
LE1702.RAW,leaf,leaf,1,270,90,-93
LE1703.RAW,leaf,leaf,1,270,59,-55
LE1704.RAW,leaf,leaf,1,271,94,-94
LE1705.RAW,leaf,leaf,1,271,108,-107
LE1706.RAW,leaf,not_leaf,0,271,-79,83
LE1707.RAW,leaf,leaf,1,271,87,-88
LE1708.RAW,leaf,leaf,1,270,97,-98
LE1709.RAW,leaf,not_leaf,0,271,-35,28
LE1710.RAW,leaf,leaf,1,270,70,-73
LE1711.RAW,leaf,leaf,1,270,83,-84
LE1712.RAW,leaf,leaf,1,270,109,-109
LE1713.RAW,leaf,leaf,1,271,57,-59
LE1714.RAW,leaf,leaf,1,270,90,-89
LE1715.RAW,leaf,leaf,1,271,88,-88
LE1716.RAW,leaf,leaf,1,270,57,-55
LE1717.RAW,leaf,leaf,1,270,106,-108
LE1718.RAW,leaf,leaf,1,271,69,-72
LE1719.RAW,leaf,leaf,1,271,64,-57
LE1720.RAW,leaf,not_leaf,0,271,-4,5
LE1721.RAW,leaf,leaf,1,270,96,-98
LE1722.RAW,leaf,leaf,1,271,20,-18
LE1723.RAW,leaf,leaf,1,271,82,-82
LE1724.RAW,leaf,leaf,1,271,67,-72
LE1725.RAW,leaf,leaf,1,271,4,0
LE1726.RAW,leaf,not_leaf,0,271,-15,13
NL0201.RAW,not_leaf,not_leaf,1,272,-116,127
NL0202.RAW,not_leaf,not_leaf,1,271,-128,127
NL0203.RAW,not_leaf,not_leaf,1,271,-112,124
NL0204.RAW,not_leaf,not_leaf,1,270,-125,127
NL0205.RAW,not_leaf,not_leaf,1,272,-118,127
NL0206.RAW,not_leaf,not_leaf,1,271,-111,118
NL0207.RAW,not_leaf,not_leaf,1,271,-104,111
NL0208.RAW,not_leaf,not_leaf,1,271,-31,31
NL0209.RAW,not_leaf,leaf,0,271,23,-8
NL0210.RAW,not_leaf,not_leaf,1,271,-116,126
NL0211.RAW,not_leaf,not_leaf,1,271,-111,120
NL0212.RAW,not_leaf,not_leaf,1,271,-112,122
NL0213.RAW,not_leaf,not_leaf,1,271,-124,127
NL0214.RAW,not_leaf,not_leaf,1,271,-102,110
NL0215.RAW,not_leaf,not_leaf,1,271,-128,127
NL0216.RAW,not_leaf,not_leaf,1,271,-16,22
NL0217.RAW,not_leaf,not_leaf,1,271,-102,110
NL0218.RAW,not_leaf,not_leaf,1,272,-92,109
NL0219.RAW,not_leaf,not_leaf,1,272,-81,97
NL0220.RAW,not_leaf,not_leaf,1,271,-56,66
NL0221.RAW,not_leaf,not_leaf,1,272,-70,76
NL0222.RAW,not_leaf,not_leaf,1,271,-128,127
NL0223.RAW,not_leaf,not_leaf,1,271,-128,127
NL0224.RAW,not_leaf,not_leaf,1,270,-128,127
NL0225.RAW,not_leaf,not_leaf,1,271,-67,74
NL0226.RAW,not_leaf,not_leaf,1,272,-94,105
NL0227.RAW,not_leaf,not_leaf,1,271,-128,127
NL0228.RAW,not_leaf,not_leaf,1,271,-128,127
NL0229.RAW,not_leaf,not_leaf,1,271,-109,125
NL0230.RAW,not_leaf,not_leaf,1,271,-101,118
NL0231.RAW,not_leaf,not_leaf,1,271,-71,74
NL0232.RAW,not_leaf,not_leaf,1,271,-121,118
NL0233.RAW,not_leaf,not_leaf,1,271,-92,101
NL0234.RAW,not_leaf,not_leaf,1,271,-128,127
NL0235.RAW,not_leaf,not_leaf,1,271,-106,117
NL0236.RAW,not_leaf,not_leaf,1,271,-117,127
NL0237.RAW,not_leaf,not_leaf,1,271,-107,122
NL0238.RAW,not_leaf,not_leaf,1,271,-128,127
NL0239.RAW,not_leaf,not_leaf,1,271,-128,127
NL0240.RAW,not_leaf,not_leaf,1,271,-78,92
NL0241.RAW,not_leaf,not_leaf,1,271,-90,92
NL0242.RAW,not_leaf,not_leaf,1,272,-104,118
NL0243.RAW,not_leaf,not_leaf,1,271,-111,121
NL0244.RAW,not_leaf,not_leaf,1,271,-128,127
NL0245.RAW,not_leaf,not_leaf,1,271,-128,127
NL0246.RAW,not_leaf,not_leaf,1,272,-68,78
NL0247.RAW,not_leaf,not_leaf,1,271,-128,127
NL0248.RAW,not_leaf,not_leaf,1,271,-116,124
NL0249.RAW,not_leaf,not_leaf,1,271,-128,127
NL0250.RAW,not_leaf,not_leaf,1,273,-128,127
NL0251.RAW,not_leaf,not_leaf,1,270,-128,127
NL0252.RAW,not_leaf,not_leaf,1,270,-98,100
NL0253.RAW,not_leaf,not_leaf,1,271,-107,118
NL0254.RAW,not_leaf,not_leaf,1,272,-74,79
NL0255.RAW,not_leaf,not_leaf,1,271,-97,115
NL0256.RAW,not_leaf,not_leaf,1,271,-128,127
NL0257.RAW,not_leaf,not_leaf,1,271,-78,99
NL0258.RAW,not_leaf,not_leaf,1,270,-128,127
NL0259.RAW,not_leaf,not_leaf,1,271,-113,120
NL0260.RAW,not_leaf,not_leaf,1,271,-88,95
NL0261.RAW,not_leaf,not_leaf,1,271,-118,117
NL0262.RAW,not_leaf,not_leaf,1,271,-128,127
NL0263.RAW,not_leaf,not_leaf,1,271,-128,127
NL0264.RAW,not_leaf,not_leaf,1,271,-123,127
NL0265.RAW,not_leaf,not_leaf,1,271,-80,88
NL0266.RAW,not_leaf,not_leaf,1,271,-108,119
NL0267.RAW,not_leaf,not_leaf,1,272,-106,115
NL0268.RAW,not_leaf,not_leaf,1,271,-92,103
NL0269.RAW,not_leaf,not_leaf,1,271,-115,126
NL0270.RAW,not_leaf,not_leaf,1,271,-128,127
NL0271.RAW,not_leaf,not_leaf,1,271,-101,115
NL0272.RAW,not_leaf,not_leaf,1,271,-114,121
NL0273.RAW,not_leaf,not_leaf,1,271,-83,90
NL0274.RAW,not_leaf,not_leaf,1,271,-73,80
NL0275.RAW,not_leaf,not_leaf,1,271,-93,98
NL0276.RAW,not_leaf,not_leaf,1,271,-128,127
NL0277.RAW,not_leaf,not_leaf,1,271,-85,90
NL0278.RAW,not_leaf,not_leaf,1,271,-118,123
NL0279.RAW,not_leaf,not_leaf,1,271,-128,127
NL0280.RAW,not_leaf,not_leaf,1,271,-127,127
NL0281.RAW,not_leaf,not_leaf,1,271,-124,127
NL0282.RAW,not_leaf,not_leaf,1,271,-128,127
NL0283.RAW,not_leaf,not_leaf,1,271,-119,127
NL0284.RAW,not_leaf,not_leaf,1,271,-89,91
NL0285.RAW,not_leaf,not_leaf,1,271,-99,108
NL0286.RAW,not_leaf,not_leaf,1,270,-96,105
NL0287.RAW,not_leaf,not_leaf,1,271,-119,123
NL0288.RAW,not_leaf,not_leaf,1,271,-44,47
NL0289.RAW,not_leaf,not_leaf,1,272,-117,122
NL0290.RAW,not_leaf,not_leaf,1,271,-105,119
NL0291.RAW,not_leaf,not_leaf,1,270,-127,127
NL0292.RAW,not_leaf,not_leaf,1,271,-100,109
NL0293.RAW,not_leaf,not_leaf,1,271,-85,103
NL0294.RAW,not_leaf,not_leaf,1,270,-111,112
NL0295.RAW,not_leaf,not_leaf,1,271,-105,116
NL0296.RAW,not_leaf,not_leaf,1,271,-109,115
NL0297.RAW,not_leaf,not_leaf,1,271,-111,117
NL0298.RAW,not_leaf,not_leaf,1,271,-37,41
NL0299.RAW,not_leaf,not_leaf,1,271,-52,64
NL0300.RAW,not_leaf,not_leaf,1,270,-72,77
NL0301.RAW,not_leaf,not_leaf,1,271,-107,116
NL0302.RAW,not_leaf,not_leaf,1,271,-120,127
NL0303.RAW,not_leaf,not_leaf,1,271,-128,127
NL0304.RAW,not_leaf,not_leaf,1,271,-120,127
NL0305.RAW,not_leaf,not_leaf,1,271,-115,119
NL0306.RAW,not_leaf,not_leaf,1,272,-118,127
NL0307.RAW,not_leaf,not_leaf,1,272,-113,119
NL0308.RAW,not_leaf,not_leaf,1,272,-62,68
NL0309.RAW,not_leaf,not_leaf,1,271,-128,127
NL0310.RAW,not_leaf,not_leaf,1,271,-127,127
NL0311.RAW,not_leaf,not_leaf,1,271,-128,127
NL0312.RAW,not_leaf,not_leaf,1,271,-127,127
NL0313.RAW,not_leaf,not_leaf,1,271,-125,127
NL0314.RAW,not_leaf,not_leaf,1,271,-104,109
NL0315.RAW,not_leaf,not_leaf,1,271,-108,113
NL0316.RAW,not_leaf,not_leaf,1,271,-128,127
NL0317.RAW,not_leaf,not_leaf,1,271,-84,88
NL0318.RAW,not_leaf,leaf,0,270,1,1
NL0319.RAW,not_leaf,not_leaf,1,271,-128,127
NL0320.RAW,not_leaf,not_leaf,1,271,-128,127
NL0321.RAW,not_leaf,not_leaf,1,270,-121,127
NL0322.RAW,not_leaf,not_leaf,1,271,-117,123
NL0323.RAW,not_leaf,not_leaf,1,271,-93,97
NL0324.RAW,not_leaf,not_leaf,1,271,-117,126
NL0325.RAW,not_leaf,not_leaf,1,271,-127,127
NL0326.RAW,not_leaf,not_leaf,1,270,-112,112
NL0327.RAW,not_leaf,not_leaf,1,271,-128,127
NL0328.RAW,not_leaf,not_leaf,1,270,-126,127
NL0329.RAW,not_leaf,not_leaf,1,271,-53,58
NL0330.RAW,not_leaf,not_leaf,1,270,-81,87
NL0331.RAW,not_leaf,not_leaf,1,271,-52,60
NL0332.RAW,not_leaf,not_leaf,1,271,-77,86
NL0333.RAW,not_leaf,not_leaf,1,270,-90,94
NL0334.RAW,not_leaf,not_leaf,1,271,-128,127
NL0335.RAW,not_leaf,not_leaf,1,271,-123,127
NL0336.RAW,not_leaf,not_leaf,1,272,-122,127
NL0337.RAW,not_leaf,not_leaf,1,271,-103,111
NL0338.RAW,not_leaf,not_leaf,1,271,-105,113
NL0339.RAW,not_leaf,not_leaf,1,272,-122,127
NL0340.RAW,not_leaf,not_leaf,1,270,-128,127
NL0341.RAW,not_leaf,not_leaf,1,270,-125,123
NL0342.RAW,not_leaf,not_leaf,1,271,-115,119
NL0343.RAW,not_leaf,not_leaf,1,271,-128,127
NL0344.RAW,not_leaf,not_leaf,1,271,-61,69
NL0345.RAW,not_leaf,not_leaf,1,271,-111,119
NL0346.RAW,not_leaf,not_leaf,1,271,-128,127
NL0347.RAW,not_leaf,not_leaf,1,271,-128,127
NL0348.RAW,not_leaf,not_leaf,1,271,-107,115
NL0349.RAW,not_leaf,not_leaf,1,271,-85,92
NL0350.RAW,not_leaf,not_leaf,1,271,-126,127
NL0351.RAW,not_leaf,not_leaf,1,271,-96,103
NL0352.RAW,not_leaf,not_leaf,1,271,-79,87
NL0353.RAW,not_leaf,not_leaf,1,270,-69,69
NL0354.RAW,not_leaf,not_leaf,1,271,-98,105
NL0355.RAW,not_leaf,not_leaf,1,271,-104,115
NL0356.RAW,not_leaf,not_leaf,1,271,-114,127
NL0357.RAW,not_leaf,not_leaf,1,271,-115,123
NL0358.RAW,not_leaf,not_leaf,1,270,-104,109
NL0359.RAW,not_leaf,not_leaf,1,271,-99,112
NL0360.RAW,not_leaf,not_leaf,1,271,-113,127
NL0361.RAW,not_leaf,not_leaf,1,271,-111,120
NL0362.RAW,not_leaf,not_leaf,1,270,-97,103
NL0363.RAW,not_leaf,not_leaf,1,271,-128,127
NL0364.RAW,not_leaf,not_leaf,1,271,-71,74
NL0365.RAW,not_leaf,not_leaf,1,271,-114,120
NL0366.RAW,not_leaf,not_leaf,1,271,-128,127
NL0367.RAW,not_leaf,not_leaf,1,271,-128,127
NL0368.RAW,not_leaf,not_leaf,1,271,-123,127
NL0369.RAW,not_leaf,not_leaf,1,272,-67,69
NL0370.RAW,not_leaf,not_leaf,1,270,-128,127
NL0371.RAW,not_leaf,not_leaf,1,271,-128,127
NL0372.RAW,not_leaf,not_leaf,1,270,-87,93
NL0373.RAW,not_leaf,not_leaf,1,270,-72,75
NL0374.RAW,not_leaf,not_leaf,1,271,-124,127
NL0375.RAW,not_leaf,not_leaf,1,271,-127,127
NL0376.RAW,not_leaf,not_leaf,1,271,-101,111
NL0377.RAW,not_leaf,not_leaf,1,270,-99,112
NL0378.RAW,not_leaf,not_leaf,1,270,-125,127
NL0379.RAW,not_leaf,not_leaf,1,271,-123,127
NL0380.RAW,not_leaf,not_leaf,1,271,-110,118
NL0381.RAW,not_leaf,not_leaf,1,272,-128,127
NL0382.RAW,not_leaf,not_leaf,1,271,-123,127
NL0383.RAW,not_leaf,not_leaf,1,271,-92,106
NL0384.RAW,not_leaf,not_leaf,1,271,-126,127
NL0385.RAW,not_leaf,not_leaf,1,271,-102,108
NL0386.RAW,not_leaf,not_leaf,1,271,-38,48
NL0387.RAW,not_leaf,not_leaf,1,271,-112,117
NL0388.RAW,not_leaf,not_leaf,1,272,-116,125
NL0389.RAW,not_leaf,not_leaf,1,271,-95,93
NL0390.RAW,not_leaf,not_leaf,1,271,-128,127
NL0391.RAW,not_leaf,not_leaf,1,270,-102,101
NL0392.RAW,not_leaf,not_leaf,1,271,-115,127
NL0393.RAW,not_leaf,not_leaf,1,271,-99,102
NL0394.RAW,not_leaf,not_leaf,1,271,-123,127
NL0395.RAW,not_leaf,not_leaf,1,271,-106,116
NL0396.RAW,not_leaf,not_leaf,1,271,-122,127
NL0397.RAW,not_leaf,not_leaf,1,271,-107,115
NL0398.RAW,not_leaf,not_leaf,1,270,-96,100
NL0399.RAW,not_leaf,not_leaf,1,270,-120,121
NL0400.RAW,not_leaf,leaf,0,270,57,-58
NL0401.RAW,not_leaf,not_leaf,1,271,-128,127
NL0402.RAW,not_leaf,not_leaf,1,272,-112,125
NL0403.RAW,not_leaf,not_leaf,1,272,-68,80
NL0404.RAW,not_leaf,not_leaf,1,272,-114,127
NL0405.RAW,not_leaf,not_leaf,1,270,-125,127
NL0406.RAW,not_leaf,not_leaf,1,271,-44,57
NL0407.RAW,not_leaf,not_leaf,1,271,-128,127
NL0408.RAW,not_leaf,not_leaf,1,271,-110,108
NL0409.RAW,not_leaf,not_leaf,1,271,-91,104
NL0410.RAW,not_leaf,not_leaf,1,271,-114,124
NL0411.RAW,not_leaf,not_leaf,1,271,-128,127
NL0412.RAW,not_leaf,not_leaf,1,271,-9,11
NL0413.RAW,not_leaf,not_leaf,1,271,-128,127
NL0414.RAW,not_leaf,not_leaf,1,271,-114,121
NL0415.RAW,not_leaf,not_leaf,1,271,-106,115
NL0416.RAW,not_leaf,not_leaf,1,271,-104,109
NL0417.RAW,not_leaf,not_leaf,1,271,-91,95
NL0418.RAW,not_leaf,not_leaf,1,272,-91,100
NL0419.RAW,not_leaf,not_leaf,1,271,-123,127
NL0420.RAW,not_leaf,not_leaf,1,271,-118,126
NL0421.RAW,not_leaf,not_leaf,1,271,-43,53
NL0422.RAW,not_leaf,not_leaf,1,271,-114,122
NL0423.RAW,not_leaf,not_leaf,1,271,-115,127
NL0424.RAW,not_leaf,not_leaf,1,270,-128,127
NL0425.RAW,not_leaf,not_leaf,1,271,-113,120
NL0426.RAW,not_leaf,not_leaf,1,271,-128,127
NL0427.RAW,not_leaf,not_leaf,1,271,-108,115
NL0428.RAW,not_leaf,not_leaf,1,271,-111,127
NL0429.RAW,not_leaf,not_leaf,1,271,-114,127
NL0430.RAW,not_leaf,not_leaf,1,271,-120,127
NL0431.RAW,not_leaf,not_leaf,1,271,-125,124
NL0432.RAW,not_leaf,not_leaf,1,271,-112,117
NL0433.RAW,not_leaf,not_leaf,1,271,-128,127
NL0434.RAW,not_leaf,not_leaf,1,272,-123,127
NL0435.RAW,not_leaf,not_leaf,1,272,-117,127
NL0436.RAW,not_leaf,not_leaf,1,272,-127,127
NL0437.RAW,not_leaf,not_leaf,1,270,-103,107
NL0438.RAW,not_leaf,not_leaf,1,271,-99,113
NL0439.RAW,not_leaf,not_leaf,1,271,-76,85
NL0440.RAW,not_leaf,not_leaf,1,271,-111,125
NL0441.RAW,not_leaf,not_leaf,1,271,-127,127
NL0442.RAW,not_leaf,not_leaf,1,270,-120,121
NL0443.RAW,not_leaf,not_leaf,1,270,-62,64
NL0444.RAW,not_leaf,not_leaf,1,271,-128,127
NL0445.RAW,not_leaf,not_leaf,1,271,-128,127
NL0446.RAW,not_leaf,not_leaf,1,271,-127,127
NL0447.RAW,not_leaf,not_leaf,1,271,-128,127
NL0448.RAW,not_leaf,not_leaf,1,271,-60,59
NL0449.RAW,not_leaf,not_leaf,1,271,-71,84
NL0450.RAW,not_leaf,not_leaf,1,271,-113,115
NL0451.RAW,not_leaf,not_leaf,1,272,-99,109
NL0452.RAW,not_leaf,not_leaf,1,271,-110,127
NL0453.RAW,not_leaf,not_leaf,1,271,-100,102
NL0454.RAW,not_leaf,not_leaf,1,271,-48,51
NL0455.RAW,not_leaf,not_leaf,1,271,-110,123
NL0456.RAW,not_leaf,not_leaf,1,271,-114,123
NL0457.RAW,not_leaf,not_leaf,1,270,-87,91
NL0458.RAW,not_leaf,not_leaf,1,271,-123,127
NL0459.RAW,not_leaf,not_leaf,1,271,-99,104
NL0460.RAW,not_leaf,not_leaf,1,271,-94,107
NL0461.RAW,not_leaf,not_leaf,1,271,-25,41
NL0462.RAW,not_leaf,not_leaf,1,271,-102,107
NL0463.RAW,not_leaf,not_leaf,1,271,-128,127
NL0464.RAW,not_leaf,not_leaf,1,271,-106,114
NL0465.RAW,not_leaf,not_leaf,1,271,-128,127
NL0466.RAW,not_leaf,not_leaf,1,271,-23,33
NL0467.RAW,not_leaf,not_leaf,1,272,-109,123
NL0468.RAW,not_leaf,not_leaf,1,271,-118,125
NL0469.RAW,not_leaf,not_leaf,1,271,-109,118
NL0470.RAW,not_leaf,not_leaf,1,270,-104,109
NL0471.RAW,not_leaf,not_leaf,1,271,-106,119
NL0472.RAW,not_leaf,not_leaf,1,270,-41,51
NL0473.RAW,not_leaf,not_leaf,1,270,-117,124
NL0474.RAW,not_leaf,not_leaf,1,271,-95,103
NL0475.RAW,not_leaf,not_leaf,1,270,-99,103
NL0476.RAW,not_leaf,not_leaf,1,271,-80,79
NL0477.RAW,not_leaf,not_leaf,1,271,-105,112
NL0478.RAW,not_leaf,not_leaf,1,271,-93,101
NL0479.RAW,not_leaf,not_leaf,1,271,-128,127
NL0480.RAW,not_leaf,not_leaf,1,270,-65,64
NL0481.RAW,not_leaf,not_leaf,1,271,-106,117
NL0482.RAW,not_leaf,not_leaf,1,271,-96,103
NL0483.RAW,not_leaf,not_leaf,1,271,-91,97
NL0484.RAW,not_leaf,not_leaf,1,272,-122,127
NL0485.RAW,not_leaf,not_leaf,1,272,-110,119
NL0486.RAW,not_leaf,not_leaf,1,271,-85,99
NL0487.RAW,not_leaf,not_leaf,1,271,-109,126
NL0488.RAW,not_leaf,not_leaf,1,271,-86,92
NL0489.RAW,not_leaf,not_leaf,1,271,-120,127
NL0490.RAW,not_leaf,not_leaf,1,271,-71,79
NL0491.RAW,not_leaf,not_leaf,1,271,-85,97
NL0492.RAW,not_leaf,not_leaf,1,271,-97,108
NL0493.RAW,not_leaf,not_leaf,1,271,-117,125
NL0494.RAW,not_leaf,not_leaf,1,271,-93,97
NL0495.RAW,not_leaf,not_leaf,1,271,-108,115
NL0496.RAW,not_leaf,not_leaf,1,271,-105,112
NL0497.RAW,not_leaf,not_leaf,1,271,-115,127
NL0498.RAW,not_leaf,not_leaf,1,271,-98,105
NL0499.RAW,not_leaf,not_leaf,1,271,-128,127
NL0500.RAW,not_leaf,not_leaf,1,271,-120,127
NL0501.RAW,not_leaf,not_leaf,1,271,-111,118
NL0502.RAW,not_leaf,not_leaf,1,272,-87,94
NL0503.RAW,not_leaf,not_leaf,1,272,-115,124
NL0504.RAW,not_leaf,not_leaf,1,271,-128,127
NL0505.RAW,not_leaf,not_leaf,1,272,-126,127
NL0506.RAW,not_leaf,not_leaf,1,270,-127,127
NL0507.RAW,not_leaf,not_leaf,1,271,-119,124
NL0508.RAW,not_leaf,not_leaf,1,271,-88,97
NL0509.RAW,not_leaf,not_leaf,1,271,-66,74
NL0510.RAW,not_leaf,not_leaf,1,270,-51,59
NL0511.RAW,not_leaf,not_leaf,1,271,-128,127
NL0512.RAW,not_leaf,not_leaf,1,271,-103,111
NL0513.RAW,not_leaf,not_leaf,1,271,-120,127
NL0514.RAW,not_leaf,not_leaf,1,271,-102,114
NL0515.RAW,not_leaf,not_leaf,1,271,-104,106
NL0516.RAW,not_leaf,not_leaf,1,271,-99,109
NL0517.RAW,not_leaf,not_leaf,1,271,-74,77
NL0518.RAW,not_leaf,not_leaf,1,271,-128,127
NL0519.RAW,not_leaf,not_leaf,1,272,-127,127
NL0520.RAW,not_leaf,not_leaf,1,270,-124,127
NL0521.RAW,not_leaf,not_leaf,1,271,-127,127
NL0522.RAW,not_leaf,not_leaf,1,271,-112,123
NL0523.RAW,not_leaf,not_leaf,1,271,-123,127
NL0524.RAW,not_leaf,not_leaf,1,271,-78,93
NL0525.RAW,not_leaf,not_leaf,1,271,-125,127
NL0526.RAW,not_leaf,not_leaf,1,271,-128,127
NL0527.RAW,not_leaf,not_leaf,1,271,-128,127
NL0528.RAW,not_leaf,not_leaf,1,271,-94,95
NL0529.RAW,not_leaf,not_leaf,1,271,-111,121
NL0530.RAW,not_leaf,not_leaf,1,272,-128,127
NL0531.RAW,not_leaf,not_leaf,1,271,-90,100
NL0532.RAW,not_leaf,not_leaf,1,272,-65,75
NL0533.RAW,not_leaf,not_leaf,1,271,-74,86
NL0534.RAW,not_leaf,not_leaf,1,271,-121,127
NL0535.RAW,not_leaf,not_leaf,1,272,-128,127
NL0536.RAW,not_leaf,not_leaf,1,272,-125,127
NL0537.RAW,not_leaf,not_leaf,1,271,-108,123
NL0538.RAW,not_leaf,not_leaf,1,270,-128,127
NL0539.RAW,not_leaf,not_leaf,1,270,-96,117
NL0540.RAW,not_leaf,not_leaf,1,271,-107,114
NL0541.RAW,not_leaf,not_leaf,1,270,-114,120
NL0542.RAW,not_leaf,not_leaf,1,270,-61,69
NL0543.RAW,not_leaf,not_leaf,1,271,-81,90
NL0544.RAW,not_leaf,not_leaf,1,271,-82,97
NL0545.RAW,not_leaf,not_leaf,1,271,-103,116
NL0546.RAW,not_leaf,not_leaf,1,271,-128,127
NL0547.RAW,not_leaf,not_leaf,1,271,-111,123
NL0548.RAW,not_leaf,not_leaf,1,271,-115,127
NL0549.RAW,not_leaf,not_leaf,1,271,-108,115
NL0550.RAW,not_leaf,not_leaf,1,271,-98,109
NL0551.RAW,not_leaf,not_leaf,1,272,-66,81
NL0552.RAW,not_leaf,not_leaf,1,272,-113,124
NL0553.RAW,not_leaf,not_leaf,1,271,-105,106
NL0554.RAW,not_leaf,not_leaf,1,271,-128,127
NL0555.RAW,not_leaf,not_leaf,1,270,-71,77
NL0556.RAW,not_leaf,not_leaf,1,271,-108,123
NL0557.RAW,not_leaf,not_leaf,1,270,-63,70
NL0558.RAW,not_leaf,not_leaf,1,270,-120,127
NL0559.RAW,not_leaf,not_leaf,1,271,-112,122
NL0560.RAW,not_leaf,not_leaf,1,271,-106,115
NL0561.RAW,not_leaf,not_leaf,1,270,-99,105
NL0562.RAW,not_leaf,not_leaf,1,271,-69,69
NL0563.RAW,not_leaf,not_leaf,1,271,-128,127
NL0564.RAW,not_leaf,not_leaf,1,271,-47,52
NL0565.RAW,not_leaf,not_leaf,1,271,-128,127
NL0566.RAW,not_leaf,not_leaf,1,271,-108,116
NL0567.RAW,not_leaf,not_leaf,1,271,-128,127
NL0568.RAW,not_leaf,not_leaf,1,271,-75,80
NL0569.RAW,not_leaf,not_leaf,1,271,-126,126
NL0570.RAW,not_leaf,not_leaf,1,271,-110,114
NL0571.RAW,not_leaf,not_leaf,1,271,-102,110
NL0572.RAW,not_leaf,not_leaf,1,271,-119,127
NL0573.RAW,not_leaf,not_leaf,1,271,-106,111
NL0574.RAW,not_leaf,not_leaf,1,270,-12,13
NL0575.RAW,not_leaf,not_leaf,1,271,-116,119
NL0576.RAW,not_leaf,not_leaf,1,271,-104,112
NL0577.RAW,not_leaf,leaf,0,271,61,-62
NL0578.RAW,not_leaf,not_leaf,1,271,-46,51
NL0579.RAW,not_leaf,not_leaf,1,271,-115,126
NL0580.RAW,not_leaf,not_leaf,1,272,-89,101
NL0581.RAW,not_leaf,not_leaf,1,271,-94,96
NL0582.RAW,not_leaf,not_leaf,1,272,-58,65
NL0583.RAW,not_leaf,not_leaf,1,271,-118,124
NL0584.RAW,not_leaf,not_leaf,1,272,-120,126
NL0585.RAW,not_leaf,not_leaf,1,272,-125,127
NL0586.RAW,not_leaf,not_leaf,1,270,-85,85
NL0587.RAW,not_leaf,not_leaf,1,271,-107,116
NL0588.RAW,not_leaf,not_leaf,1,271,-126,127
NL0589.RAW,not_leaf,not_leaf,1,271,-49,56
NL0590.RAW,not_leaf,not_leaf,1,270,-91,93
NL0591.RAW,not_leaf,not_leaf,1,270,-43,43
NL0592.RAW,not_leaf,not_leaf,1,271,-115,125
NL0593.RAW,not_leaf,not_leaf,1,271,-91,109
NL0594.RAW,not_leaf,not_leaf,1,271,-84,94
NL0595.RAW,not_leaf,not_leaf,1,272,-95,110
NL0596.RAW,not_leaf,not_leaf,1,271,-114,124
NL0597.RAW,not_leaf,not_leaf,1,272,-47,54
NL0598.RAW,not_leaf,not_leaf,1,272,-101,117
NL0599.RAW,not_leaf,not_leaf,1,271,-119,127
NL0600.RAW,not_leaf,not_leaf,1,271,-107,112
NL0601.RAW,not_leaf,not_leaf,1,271,-79,83
NL0602.RAW,not_leaf,not_leaf,1,271,-128,127
NL0603.RAW,not_leaf,not_leaf,1,272,-102,112
NL0604.RAW,not_leaf,not_leaf,1,272,-119,123
NL0605.RAW,not_leaf,not_leaf,1,270,-34,38
NL0606.RAW,not_leaf,not_leaf,1,271,-19,23
NL0607.RAW,not_leaf,not_leaf,1,271,-127,127
NL0608.RAW,not_leaf,not_leaf,1,271,-116,127
NL0609.RAW,not_leaf,not_leaf,1,271,-71,69
NL0610.RAW,not_leaf,not_leaf,1,271,-128,127
NL0611.RAW,not_leaf,not_leaf,1,271,-128,127
NL0612.RAW,not_leaf,not_leaf,1,270,-21,22
NL0613.RAW,not_leaf,not_leaf,1,271,-97,124
NL0614.RAW,not_leaf,not_leaf,1,271,-84,87
NL0615.RAW,not_leaf,not_leaf,1,271,-123,127
NL0616.RAW,not_leaf,not_leaf,1,272,-115,120
NL0617.RAW,not_leaf,not_leaf,1,271,-128,127
NL0618.RAW,not_leaf,not_leaf,1,271,-111,115
NL0619.RAW,not_leaf,not_leaf,1,271,-89,100
NL0620.RAW,not_leaf,not_leaf,1,271,-106,114
NL0621.RAW,not_leaf,not_leaf,1,271,-104,119
NL0622.RAW,not_leaf,not_leaf,1,271,-128,127
NL0623.RAW,not_leaf,not_leaf,1,271,-106,117
NL0624.RAW,not_leaf,not_leaf,1,270,-128,127
NL0625.RAW,not_leaf,not_leaf,1,272,-113,127
NL0626.RAW,not_leaf,not_leaf,1,271,-85,100
NL0627.RAW,not_leaf,not_leaf,1,271,-112,120
NL0628.RAW,not_leaf,not_leaf,1,271,-128,127
NL0629.RAW,not_leaf,not_leaf,1,271,-128,127
NL0630.RAW,not_leaf,not_leaf,1,271,-128,127
NL0631.RAW,not_leaf,not_leaf,1,271,-128,127
NL0632.RAW,not_leaf,not_leaf,1,271,-120,125
NL0633.RAW,not_leaf,not_leaf,1,271,-51,52
NL0634.RAW,not_leaf,not_leaf,1,271,-55,61
NL0635.RAW,not_leaf,not_leaf,1,271,-128,127
NL0636.RAW,not_leaf,not_leaf,1,272,-117,127
NL0637.RAW,not_leaf,not_leaf,1,271,-97,106
NL0638.RAW,not_leaf,not_leaf,1,272,-105,113
NL0639.RAW,not_leaf,not_leaf,1,271,-89,101
NL0640.RAW,not_leaf,not_leaf,1,270,-97,102
NL0641.RAW,not_leaf,not_leaf,1,272,-126,127
NL0642.RAW,not_leaf,not_leaf,1,271,-108,118
NL0643.RAW,not_leaf,not_leaf,1,272,-128,127
NL0644.RAW,not_leaf,not_leaf,1,271,-78,79
NL0645.RAW,not_leaf,not_leaf,1,272,-106,116
NL0646.RAW,not_leaf,not_leaf,1,270,-87,94
NL0647.RAW,not_leaf,not_leaf,1,271,-86,101
NL0648.RAW,not_leaf,not_leaf,1,270,-101,110
NL0649.RAW,not_leaf,not_leaf,1,271,-128,127
NL0650.RAW,not_leaf,not_leaf,1,271,-87,102
NL0651.RAW,not_leaf,not_leaf,1,271,-128,127
NL0652.RAW,not_leaf,not_leaf,1,271,-89,118
NL0653.RAW,not_leaf,not_leaf,1,271,-88,95
NL0654.RAW,not_leaf,not_leaf,1,271,-105,115
NL0655.RAW,not_leaf,not_leaf,1,271,-117,124
NL0656.RAW,not_leaf,not_leaf,1,271,-124,127
NL0657.RAW,not_leaf,not_leaf,1,271,-124,127
NL0658.RAW,not_leaf,not_leaf,1,271,-94,121
NL0659.RAW,not_leaf,not_leaf,1,271,-109,117
NL0660.RAW,not_leaf,not_leaf,1,271,-104,118
NL0661.RAW,not_leaf,not_leaf,1,271,-61,67
NL0662.RAW,not_leaf,not_leaf,1,271,-107,120
NL0663.RAW,not_leaf,not_leaf,1,271,-116,127
NL0664.RAW,not_leaf,not_leaf,1,271,-128,127
NL0665.RAW,not_leaf,not_leaf,1,271,-120,127
NL0666.RAW,not_leaf,not_leaf,1,271,-86,96
NL0667.RAW,not_leaf,not_leaf,1,271,-117,127
NL0668.RAW,not_leaf,not_leaf,1,271,-114,127
NL0669.RAW,not_leaf,not_leaf,1,271,-109,120
NL0670.RAW,not_leaf,not_leaf,1,271,-112,118
NL0671.RAW,not_leaf,not_leaf,1,270,-117,120
NL0672.RAW,not_leaf,not_leaf,1,271,-127,127
NL0673.RAW,not_leaf,not_leaf,1,271,-106,114
NL0674.RAW,not_leaf,not_leaf,1,271,-97,104
NL0675.RAW,not_leaf,not_leaf,1,271,-110,118
NL0676.RAW,not_leaf,not_leaf,1,271,-127,127
NL0677.RAW,not_leaf,not_leaf,1,271,-109,107
NL0678.RAW,not_leaf,not_leaf,1,271,-117,120
NL0679.RAW,not_leaf,not_leaf,1,271,-109,119
NL0680.RAW,not_leaf,not_leaf,1,271,-103,107
NL0681.RAW,not_leaf,not_leaf,1,271,-127,127
NL0682.RAW,not_leaf,not_leaf,1,271,-83,89
NL0683.RAW,not_leaf,not_leaf,1,271,-118,121
NL0684.RAW,not_leaf,not_leaf,1,271,-113,126
NL0685.RAW,not_leaf,not_leaf,1,271,-108,116
NL0686.RAW,not_leaf,not_leaf,1,272,-128,127
NL0687.RAW,not_leaf,not_leaf,1,271,-48,48
NL0688.RAW,not_leaf,not_leaf,1,272,-88,105
NL0689.RAW,not_leaf,not_leaf,1,272,-105,114
NL0690.RAW,not_leaf,not_leaf,1,271,-66,69
NL0691.RAW,not_leaf,not_leaf,1,271,-126,127
NL0692.RAW,not_leaf,not_leaf,1,271,-128,127
NL0693.RAW,not_leaf,not_leaf,1,271,-128,127
NL0694.RAW,not_leaf,not_leaf,1,272,-128,127
NL0695.RAW,not_leaf,not_leaf,1,272,-108,117
NL0696.RAW,not_leaf,not_leaf,1,270,-116,125
NL0697.RAW,not_leaf,not_leaf,1,271,-93,103
NL0698.RAW,not_leaf,not_leaf,1,271,-107,119
NL0699.RAW,not_leaf,not_leaf,1,271,-67,73
NL0700.RAW,not_leaf,not_leaf,1,271,-104,125
NL0701.RAW,not_leaf,not_leaf,1,271,-128,127
NL0702.RAW,not_leaf,not_leaf,1,271,-128,127
NL0703.RAW,not_leaf,not_leaf,1,272,-128,127
NL0704.RAW,not_leaf,not_leaf,1,271,-94,96
NL0705.RAW,not_leaf,not_leaf,1,271,-128,127
NL0706.RAW,not_leaf,not_leaf,1,271,-128,127
NL0707.RAW,not_leaf,not_leaf,1,271,-116,120
NL0708.RAW,not_leaf,not_leaf,1,271,-102,115
NL0709.RAW,not_leaf,not_leaf,1,271,-110,127
NL0710.RAW,not_leaf,not_leaf,1,271,-128,127
NL0711.RAW,not_leaf,not_leaf,1,271,-116,123
NL0712.RAW,not_leaf,not_leaf,1,271,-128,127
NL0713.RAW,not_leaf,not_leaf,1,271,-117,118
NL0714.RAW,not_leaf,not_leaf,1,271,-82,90
NL0715.RAW,not_leaf,not_leaf,1,271,-71,81
NL0716.RAW,not_leaf,not_leaf,1,271,-97,107
NL0717.RAW,not_leaf,not_leaf,1,270,-71,75
NL0718.RAW,not_leaf,not_leaf,1,271,-127,127
NL0719.RAW,not_leaf,not_leaf,1,271,-81,87
NL0720.RAW,not_leaf,not_leaf,1,271,-111,123
NL0721.RAW,not_leaf,not_leaf,1,271,-122,127
NL0722.RAW,not_leaf,not_leaf,1,271,-128,127
NL0723.RAW,not_leaf,not_leaf,1,271,-128,127
NL0724.RAW,not_leaf,not_leaf,1,271,-128,127
NL0725.RAW,not_leaf,not_leaf,1,270,-8,22
NL0726.RAW,not_leaf,not_leaf,1,271,-119,125
NL0727.RAW,not_leaf,not_leaf,1,271,-97,108
NL0728.RAW,not_leaf,not_leaf,1,271,-109,124
NL0729.RAW,not_leaf,not_leaf,1,271,-128,127
NL0730.RAW,not_leaf,not_leaf,1,271,-105,105
NL0731.RAW,not_leaf,not_leaf,1,271,-128,127
NL0732.RAW,not_leaf,not_leaf,1,271,-113,119
NL0733.RAW,not_leaf,not_leaf,1,272,-99,114
NL0734.RAW,not_leaf,not_leaf,1,271,-56,59
NL0735.RAW,not_leaf,not_leaf,1,271,-128,127
NL0736.RAW,not_leaf,not_leaf,1,272,-128,127
NL0737.RAW,not_leaf,not_leaf,1,271,-76,83
NL0738.RAW,not_leaf,not_leaf,1,271,-128,127
NL0739.RAW,not_leaf,not_leaf,1,271,-117,122
NL0740.RAW,not_leaf,not_leaf,1,270,-84,86
NL0741.RAW,not_leaf,not_leaf,1,271,-80,87
NL0742.RAW,not_leaf,not_leaf,1,271,-104,118
NL0743.RAW,not_leaf,not_leaf,1,271,-117,126
NL0744.RAW,not_leaf,not_leaf,1,271,-109,120
NL0745.RAW,not_leaf,not_leaf,1,271,-109,119
NL0746.RAW,not_leaf,not_leaf,1,271,-90,104
NL0747.RAW,not_leaf,not_leaf,1,271,-109,123
NL0748.RAW,not_leaf,not_leaf,1,271,-95,99
NL0749.RAW,not_leaf,not_leaf,1,271,-72,76
NL0750.RAW,not_leaf,not_leaf,1,271,-128,127
NL0751.RAW,not_leaf,not_leaf,1,271,-128,127
NL0752.RAW,not_leaf,not_leaf,1,271,-43,43
NL0753.RAW,not_leaf,not_leaf,1,271,-66,76
NL0754.RAW,not_leaf,not_leaf,1,271,-101,110
NL0755.RAW,not_leaf,not_leaf,1,271,-102,108
NL0756.RAW,not_leaf,not_leaf,1,271,-102,109
NL0757.RAW,not_leaf,not_leaf,1,271,-127,127
NL0758.RAW,not_leaf,not_leaf,1,271,-128,127
NL0759.RAW,not_leaf,not_leaf,1,271,-128,127
NL0760.RAW,not_leaf,not_leaf,1,272,-122,127
NL0761.RAW,not_leaf,not_leaf,1,271,-126,127
NL0762.RAW,not_leaf,not_leaf,1,271,-125,127
NL0763.RAW,not_leaf,not_leaf,1,271,-128,127
NL0764.RAW,not_leaf,not_leaf,1,272,-117,126
NL0765.RAW,not_leaf,not_leaf,1,271,-104,112
NL0766.RAW,not_leaf,not_leaf,1,272,-128,127
NL0767.RAW,not_leaf,not_leaf,1,270,-94,105
NL0768.RAW,not_leaf,not_leaf,1,271,-128,127
NL0769.RAW,not_leaf,not_leaf,1,272,-119,127
NL0770.RAW,not_leaf,not_leaf,1,271,-97,107
NL0771.RAW,not_leaf,not_leaf,1,271,-85,93
NL0772.RAW,not_leaf,not_leaf,1,271,-116,118
NL0773.RAW,not_leaf,not_leaf,1,272,-115,124
NL0774.RAW,not_leaf,not_leaf,1,271,-101,111
NL0775.RAW,not_leaf,not_leaf,1,272,-103,114
NL0776.RAW,not_leaf,not_leaf,1,271,-112,118
NL0777.RAW,not_leaf,not_leaf,1,271,-123,127
NL0778.RAW,not_leaf,not_leaf,1,271,-105,112
NL0779.RAW,not_leaf,not_leaf,1,271,-116,127
NL0780.RAW,not_leaf,not_leaf,1,271,-128,127
NL0781.RAW,not_leaf,not_leaf,1,271,-128,127
NL0782.RAW,not_leaf,not_leaf,1,271,-108,121
NL0783.RAW,not_leaf,not_leaf,1,271,-124,127
NL0784.RAW,not_leaf,not_leaf,1,271,-127,127
NL0785.RAW,not_leaf,not_leaf,1,271,-112,124
NL0786.RAW,not_leaf,not_leaf,1,271,-128,127
NL0787.RAW,not_leaf,not_leaf,1,271,-93,108
NL0788.RAW,not_leaf,not_leaf,1,271,-81,88
NL0789.RAW,not_leaf,not_leaf,1,271,-109,118
NL0790.RAW,not_leaf,not_leaf,1,271,-88,99
NL0791.RAW,not_leaf,not_leaf,1,271,-115,125
NL0792.RAW,not_leaf,not_leaf,1,271,-124,127
NL0793.RAW,not_leaf,not_leaf,1,271,-128,127
NL0794.RAW,not_leaf,not_leaf,1,271,-74,79
NL0795.RAW,not_leaf,not_leaf,1,271,-106,110
NL0796.RAW,not_leaf,not_leaf,1,271,-128,127
NL0797.RAW,not_leaf,not_leaf,1,271,-42,46
NL0798.RAW,not_leaf,not_leaf,1,270,-123,127
NL0799.RAW,not_leaf,not_leaf,1,271,-124,127
NL0800.RAW,not_leaf,not_leaf,1,271,-112,121
NL0801.RAW,not_leaf,not_leaf,1,271,-110,118
NL0802.RAW,not_leaf,not_leaf,1,271,-113,116
NL0803.RAW,not_leaf,not_leaf,1,271,-112,127
NL0804.RAW,not_leaf,not_leaf,1,271,-96,116
NL0805.RAW,not_leaf,not_leaf,1,271,-98,116
NL0806.RAW,not_leaf,not_leaf,1,272,-109,120
NL0807.RAW,not_leaf,not_leaf,1,270,-79,80
NL0808.RAW,not_leaf,not_leaf,1,271,-61,76
NL0809.RAW,not_leaf,not_leaf,1,271,-89,101
NL0810.RAW,not_leaf,not_leaf,1,271,-119,127
NL0811.RAW,not_leaf,not_leaf,1,271,-116,127
NL0812.RAW,not_leaf,not_leaf,1,271,-102,117
NL0813.RAW,not_leaf,not_leaf,1,271,-97,101
NL0814.RAW,not_leaf,not_leaf,1,272,-121,127
NL0815.RAW,not_leaf,not_leaf,1,271,-128,127
NL0816.RAW,not_leaf,not_leaf,1,271,-110,117
NL0817.RAW,not_leaf,not_leaf,1,271,-112,122
NL0818.RAW,not_leaf,not_leaf,1,271,-110,116
NL0819.RAW,not_leaf,not_leaf,1,271,-103,103
NL0820.RAW,not_leaf,leaf,0,270,24,-24
NL0821.RAW,not_leaf,not_leaf,1,271,-96,106
NL0822.RAW,not_leaf,not_leaf,1,271,-113,125
NL0823.RAW,not_leaf,not_leaf,1,271,-109,127
NL0824.RAW,not_leaf,not_leaf,1,271,-114,120
NL0825.RAW,not_leaf,not_leaf,1,271,-76,86
NL0826.RAW,not_leaf,not_leaf,1,270,-118,124
NL0827.RAW,not_leaf,not_leaf,1,271,-107,119
NL0828.RAW,not_leaf,not_leaf,1,270,-125,127
NL0829.RAW,not_leaf,not_leaf,1,271,-128,127
NL0830.RAW,not_leaf,not_leaf,1,271,-116,118
NL0831.RAW,not_leaf,not_leaf,1,271,-121,125
NL0832.RAW,not_leaf,not_leaf,1,270,-109,113
NL0833.RAW,not_leaf,not_leaf,1,270,-117,122
NL0834.RAW,not_leaf,not_leaf,1,271,-69,81
NL0835.RAW,not_leaf,not_leaf,1,271,-105,103
NL0836.RAW,not_leaf,not_leaf,1,271,-128,127
NL0837.RAW,not_leaf,not_leaf,1,271,-106,118
NL0838.RAW,not_leaf,not_leaf,1,271,-89,100
NL0839.RAW,not_leaf,not_leaf,1,271,-99,108
NL0840.RAW,not_leaf,not_leaf,1,271,-98,108
NL0841.RAW,not_leaf,not_leaf,1,271,-108,117
NL0842.RAW,not_leaf,not_leaf,1,271,-111,122
NL0843.RAW,not_leaf,not_leaf,1,271,-110,117
NL0844.RAW,not_leaf,not_leaf,1,271,-84,91
NL0845.RAW,not_leaf,not_leaf,1,272,-108,127
NL0846.RAW,not_leaf,not_leaf,1,271,-121,127
NL0847.RAW,not_leaf,not_leaf,1,272,-109,118
NL0848.RAW,not_leaf,not_leaf,1,271,-128,127
NL0849.RAW,not_leaf,not_leaf,1,272,-110,125
NL0850.RAW,not_leaf,not_leaf,1,272,-114,120
NL0851.RAW,not_leaf,not_leaf,1,271,-120,127
NL0852.RAW,not_leaf,not_leaf,1,272,-70,74
NL0853.RAW,not_leaf,not_leaf,1,271,-111,121
NL0854.RAW,not_leaf,not_leaf,1,272,-115,124
NL0855.RAW,not_leaf,not_leaf,1,270,-123,127
NL0856.RAW,not_leaf,not_leaf,1,272,-104,119
NL0857.RAW,not_leaf,not_leaf,1,271,-75,94
NL0858.RAW,not_leaf,not_leaf,1,271,-110,120
NL0859.RAW,not_leaf,not_leaf,1,271,-94,106
NL0860.RAW,not_leaf,not_leaf,1,271,-128,127
NL0861.RAW,not_leaf,not_leaf,1,271,-128,127
NL0862.RAW,not_leaf,not_leaf,1,271,-113,122
NL0863.RAW,not_leaf,not_leaf,1,271,-121,127
NL0864.RAW,not_leaf,not_leaf,1,272,-128,127
NL0865.RAW,not_leaf,not_leaf,1,271,-128,127
NL0866.RAW,not_leaf,not_leaf,1,271,-122,126
NL0867.RAW,not_leaf,not_leaf,1,271,-91,101
NL0868.RAW,not_leaf,not_leaf,1,271,-123,127
NL0869.RAW,not_leaf,not_leaf,1,272,-82,100
NL0870.RAW,not_leaf,not_leaf,1,272,-114,117
NL0871.RAW,not_leaf,not_leaf,1,271,-115,119
NL0872.RAW,not_leaf,not_leaf,1,271,-116,126
NL0873.RAW,not_leaf,not_leaf,1,271,-125,127
NL0874.RAW,not_leaf,not_leaf,1,272,-58,68
NL0875.RAW,not_leaf,not_leaf,1,271,-29,34
NL0876.RAW,not_leaf,not_leaf,1,270,-121,123
NL0877.RAW,not_leaf,not_leaf,1,272,-125,127
NL0878.RAW,not_leaf,not_leaf,1,271,-81,89
NL0879.RAW,not_leaf,not_leaf,1,271,-109,118
NL0880.RAW,not_leaf,not_leaf,1,271,-128,127
NL0881.RAW,not_leaf,not_leaf,1,271,-128,127
NL0882.RAW,not_leaf,not_leaf,1,271,-118,127
NL0883.RAW,not_leaf,not_leaf,1,271,-108,117
NL0884.RAW,not_leaf,not_leaf,1,271,-114,118
NL0885.RAW,not_leaf,not_leaf,1,271,-88,89
NL0886.RAW,not_leaf,not_leaf,1,271,-128,127
NL0887.RAW,not_leaf,not_leaf,1,271,-101,103
NL0888.RAW,not_leaf,not_leaf,1,271,-78,86
NL0889.RAW,not_leaf,not_leaf,1,271,-128,127
NL0890.RAW,not_leaf,not_leaf,1,271,-1,3
NL0891.RAW,not_leaf,not_leaf,1,271,-112,127
NL0892.RAW,not_leaf,not_leaf,1,272,-118,127
NL0893.RAW,not_leaf,not_leaf,1,271,-119,125
NL0894.RAW,not_leaf,not_leaf,1,271,-82,90
NL0895.RAW,not_leaf,not_leaf,1,270,-128,127
NL0896.RAW,not_leaf,not_leaf,1,271,-100,113
NL0897.RAW,not_leaf,not_leaf,1,271,-128,127
NL0898.RAW,not_leaf,not_leaf,1,271,-101,104
NL0899.RAW,not_leaf,not_leaf,1,270,-58,65
NL0900.RAW,not_leaf,not_leaf,1,271,-103,106
NL0901.RAW,not_leaf,not_leaf,1,271,-100,111
NL0902.RAW,not_leaf,not_leaf,1,271,-110,119
NL0903.RAW,not_leaf,not_leaf,1,271,-128,127
NL0904.RAW,not_leaf,not_leaf,1,271,-128,127
NL0905.RAW,not_leaf,not_leaf,1,271,-128,127
NL0906.RAW,not_leaf,leaf,0,270,4,3
NL0907.RAW,not_leaf,not_leaf,1,271,-60,70
NL0908.RAW,not_leaf,not_leaf,1,270,-122,127
NL0909.RAW,not_leaf,not_leaf,1,271,-97,112
NL0910.RAW,not_leaf,not_leaf,1,270,-59,66
NL0911.RAW,not_leaf,not_leaf,1,271,-85,92
NL0912.RAW,not_leaf,not_leaf,1,271,-128,127
NL0913.RAW,not_leaf,not_leaf,1,271,-128,127
NL0914.RAW,not_leaf,not_leaf,1,271,-128,127
NL0915.RAW,not_leaf,not_leaf,1,271,-45,62
NL0916.RAW,not_leaf,not_leaf,1,271,-98,106
NL0917.RAW,not_leaf,not_leaf,1,271,-116,125
NL0918.RAW,not_leaf,not_leaf,1,271,1,4
NL0919.RAW,not_leaf,not_leaf,1,271,-118,127
NL0920.RAW,not_leaf,not_leaf,1,271,-88,94
NL0921.RAW,not_leaf,not_leaf,1,271,-98,107
NL0922.RAW,not_leaf,not_leaf,1,272,-67,68
NL0923.RAW,not_leaf,not_leaf,1,271,-128,127
NL0924.RAW,not_leaf,not_leaf,1,271,-124,127
NL0925.RAW,not_leaf,not_leaf,1,272,-105,121
NL0926.RAW,not_leaf,not_leaf,1,271,-123,127
NL0927.RAW,not_leaf,not_leaf,1,270,-28,26
NL0928.RAW,not_leaf,not_leaf,1,270,-112,127
NL0929.RAW,not_leaf,not_leaf,1,271,-103,111
NL0930.RAW,not_leaf,not_leaf,1,270,-112,116
NL0931.RAW,not_leaf,not_leaf,1,270,-128,127
NL0932.RAW,not_leaf,not_leaf,1,271,-96,111
NL0933.RAW,not_leaf,not_leaf,1,270,-89,91
NL0934.RAW,not_leaf,not_leaf,1,270,-29,32
NL0935.RAW,not_leaf,not_leaf,1,271,-12,18
NL0936.RAW,not_leaf,not_leaf,1,271,-105,113
NL0937.RAW,not_leaf,not_leaf,1,271,-108,109
NL0938.RAW,not_leaf,not_leaf,1,271,-103,104
NL0939.RAW,not_leaf,not_leaf,1,271,-103,127
NL0940.RAW,not_leaf,not_leaf,1,271,-92,101
NL0941.RAW,not_leaf,not_leaf,1,271,-125,127
NL0942.RAW,not_leaf,not_leaf,1,271,-113,113
NL0943.RAW,not_leaf,not_leaf,1,272,-105,118
NL0944.RAW,not_leaf,not_leaf,1,272,-87,97
NL0945.RAW,not_leaf,not_leaf,1,272,-107,121
NL0946.RAW,not_leaf,not_leaf,1,272,-123,127
NL0947.RAW,not_leaf,not_leaf,1,270,-117,121
NL0948.RAW,not_leaf,not_leaf,1,270,-123,127
NL0949.RAW,not_leaf,not_leaf,1,270,-94,105
NL0950.RAW,not_leaf,not_leaf,1,271,-61,67
NL0951.RAW,not_leaf,not_leaf,1,271,-73,81
NL0952.RAW,not_leaf,not_leaf,1,271,-90,113
NL0953.RAW,not_leaf,not_leaf,1,271,-122,124
NL0954.RAW,not_leaf,not_leaf,1,271,-128,127
NL0955.RAW,not_leaf,not_leaf,1,271,-128,127
NL0956.RAW,not_leaf,not_leaf,1,271,-103,116
NL0957.RAW,not_leaf,not_leaf,1,271,-102,111
NL0958.RAW,not_leaf,not_leaf,1,270,-58,67
NL0959.RAW,not_leaf,not_leaf,1,271,-2,9
NL0960.RAW,not_leaf,not_leaf,1,271,-128,127
NL0961.RAW,not_leaf,not_leaf,1,271,-128,127
NL0962.RAW,not_leaf,not_leaf,1,271,-128,127
NL0963.RAW,not_leaf,not_leaf,1,271,-113,127
NL0964.RAW,not_leaf,not_leaf,1,271,-122,127
NL0965.RAW,not_leaf,not_leaf,1,271,-112,125
NL0966.RAW,not_leaf,not_leaf,1,271,-115,127
NL0967.RAW,not_leaf,not_leaf,1,271,-117,119
NL0968.RAW,not_leaf,not_leaf,1,271,-95,108
NL0969.RAW,not_leaf,not_leaf,1,272,-112,124
NL0970.RAW,not_leaf,not_leaf,1,271,-104,107
NL0971.RAW,not_leaf,not_leaf,1,271,-91,96
NL0972.RAW,not_leaf,not_leaf,1,271,-120,127
NL0973.RAW,not_leaf,not_leaf,1,271,-86,96
NL0974.RAW,not_leaf,not_leaf,1,272,-128,127
NL0975.RAW,not_leaf,not_leaf,1,271,-114,124
NL0976.RAW,not_leaf,not_leaf,1,270,-111,124
NL0977.RAW,not_leaf,not_leaf,1,271,-128,127
NL0978.RAW,not_leaf,not_leaf,1,272,-83,96
NL0979.RAW,not_leaf,not_leaf,1,271,-105,111
NL0980.RAW,not_leaf,not_leaf,1,270,-54,60
NL0981.RAW,not_leaf,not_leaf,1,270,-92,100
NL0982.RAW,not_leaf,not_leaf,1,271,-122,127
NL0983.RAW,not_leaf,not_leaf,1,270,-122,125
NL0984.RAW,not_leaf,not_leaf,1,270,-128,127
NL0985.RAW,not_leaf,not_leaf,1,270,-55,61
NL0986.RAW,not_leaf,not_leaf,1,271,-80,88
NL0987.RAW,not_leaf,not_leaf,1,271,-118,127
NL0988.RAW,not_leaf,not_leaf,1,271,-128,127
NL0989.RAW,not_leaf,not_leaf,1,271,-80,85
NL0990.RAW,not_leaf,not_leaf,1,271,-128,127
NL0991.RAW,not_leaf,not_leaf,1,271,-128,127
NL0992.RAW,not_leaf,not_leaf,1,271,-109,117
NL0993.RAW,not_leaf,not_leaf,1,272,-88,96
NL0994.RAW,not_leaf,not_leaf,1,271,-116,126
NL0995.RAW,not_leaf,not_leaf,1,272,-78,101
NL0996.RAW,not_leaf,not_leaf,1,271,-81,101
NL0997.RAW,not_leaf,not_leaf,1,271,-128,127
NL0998.RAW,not_leaf,not_leaf,1,270,-101,114
NL0999.RAW,not_leaf,not_leaf,1,271,-99,107
NL1000.RAW,not_leaf,not_leaf,1,271,-92,107
NL1001.RAW,not_leaf,not_leaf,1,271,-115,121
NL1002.RAW,not_leaf,not_leaf,1,271,-128,127
NL1003.RAW,not_leaf,not_leaf,1,271,-117,127
NL1004.RAW,not_leaf,not_leaf,1,271,-82,88
NL1005.RAW,not_leaf,not_leaf,1,272,-118,127
NL1006.RAW,not_leaf,not_leaf,1,271,-107,109
NL1007.RAW,not_leaf,not_leaf,1,271,-123,127
NL1008.RAW,not_leaf,not_leaf,1,271,-107,113
NL1009.RAW,not_leaf,not_leaf,1,271,-114,127
NL1010.RAW,not_leaf,not_leaf,1,271,-103,116
NL1011.RAW,not_leaf,not_leaf,1,271,-72,78
NL1012.RAW,not_leaf,not_leaf,1,271,-101,107
NL1013.RAW,not_leaf,not_leaf,1,272,-117,127
NL1014.RAW,not_leaf,not_leaf,1,271,-86,93
NL1015.RAW,not_leaf,not_leaf,1,271,-104,109
NL1016.RAW,not_leaf,not_leaf,1,271,-127,127
NL1017.RAW,not_leaf,not_leaf,1,271,-87,96
NL1018.RAW,not_leaf,not_leaf,1,271,-37,42
NL1019.RAW,not_leaf,not_leaf,1,270,-94,103
NL1020.RAW,not_leaf,not_leaf,1,271,-112,120
NL1021.RAW,not_leaf,not_leaf,1,270,-53,62
NL1022.RAW,not_leaf,not_leaf,1,271,-95,111
NL1023.RAW,not_leaf,not_leaf,1,271,-110,117
NL1024.RAW,not_leaf,not_leaf,1,271,-128,127
NL1025.RAW,not_leaf,not_leaf,1,270,-21,27
NL1026.RAW,not_leaf,not_leaf,1,271,-105,111
NL1027.RAW,not_leaf,not_leaf,1,271,-119,126
NL1028.RAW,not_leaf,not_leaf,1,271,-128,127
NL1029.RAW,not_leaf,not_leaf,1,271,-128,127
NL1030.RAW,not_leaf,not_leaf,1,271,-106,127
NL1031.RAW,not_leaf,not_leaf,1,272,-126,127
NL1032.RAW,not_leaf,not_leaf,1,271,-103,113
NL1033.RAW,not_leaf,not_leaf,1,270,-88,88
NL1034.RAW,not_leaf,not_leaf,1,271,-121,127
NL1035.RAW,not_leaf,not_leaf,1,270,-111,114
NL1036.RAW,not_leaf,not_leaf,1,271,-122,127
NL1037.RAW,not_leaf,not_leaf,1,272,-112,123
NL1038.RAW,not_leaf,not_leaf,1,271,-126,127
NL1039.RAW,not_leaf,not_leaf,1,271,-105,112
NL1040.RAW,not_leaf,not_leaf,1,272,-98,114
NL1041.RAW,not_leaf,not_leaf,1,270,-124,127
NL1042.RAW,not_leaf,not_leaf,1,271,-78,92
NL1043.RAW,not_leaf,not_leaf,1,271,-128,127
NL1044.RAW,not_leaf,not_leaf,1,271,-122,125
NL1045.RAW,not_leaf,not_leaf,1,272,-43,51
NL1046.RAW,not_leaf,not_leaf,1,271,-13,15
NL1047.RAW,not_leaf,not_leaf,1,272,-109,115
NL1048.RAW,not_leaf,not_leaf,1,272,-94,102
NL1049.RAW,not_leaf,not_leaf,1,272,-128,127
NL1050.RAW,not_leaf,not_leaf,1,271,-128,127
NL1051.RAW,not_leaf,not_leaf,1,271,-126,127
NL1052.RAW,not_leaf,not_leaf,1,271,-94,107
NL1053.RAW,not_leaf,not_leaf,1,271,-119,127
NL1054.RAW,not_leaf,not_leaf,1,271,-105,111
NL1055.RAW,not_leaf,not_leaf,1,271,-112,119
NL1056.RAW,not_leaf,not_leaf,1,271,-120,127
NL1057.RAW,not_leaf,not_leaf,1,272,-77,83
NL1058.RAW,not_leaf,not_leaf,1,270,-128,127
NL1059.RAW,not_leaf,not_leaf,1,271,-128,127
NL1060.RAW,not_leaf,not_leaf,1,270,-90,95
NL1061.RAW,not_leaf,not_leaf,1,271,-113,122
NL1062.RAW,not_leaf,not_leaf,1,271,-94,102
NL1063.RAW,not_leaf,not_leaf,1,271,-117,121
NL1064.RAW,not_leaf,not_leaf,1,271,-94,107
NL1065.RAW,not_leaf,not_leaf,1,271,-122,127
NL1066.RAW,not_leaf,not_leaf,1,272,-94,105
NL1067.RAW,not_leaf,not_leaf,1,271,-65,69
NL1068.RAW,not_leaf,leaf,0,271,57,-53
NL1069.RAW,not_leaf,not_leaf,1,271,-108,116
NL1070.RAW,not_leaf,not_leaf,1,271,-83,98
NL1071.RAW,not_leaf,not_leaf,1,271,-125,127
NL1072.RAW,not_leaf,not_leaf,1,271,-36,48
NL1073.RAW,not_leaf,not_leaf,1,271,-125,127
NL1074.RAW,not_leaf,not_leaf,1,271,-106,115
NL1075.RAW,not_leaf,not_leaf,1,271,-125,127
NL1076.RAW,not_leaf,not_leaf,1,270,-14,17
NL1077.RAW,not_leaf,not_leaf,1,270,-59,66
NL1078.RAW,not_leaf,not_leaf,1,271,-125,127
NL1079.RAW,not_leaf,not_leaf,1,271,-128,127
NL1080.RAW,not_leaf,not_leaf,1,270,-117,127
NL1081.RAW,not_leaf,not_leaf,1,271,-111,122
NL1082.RAW,not_leaf,not_leaf,1,271,-128,127
NL1083.RAW,not_leaf,not_leaf,1,271,-70,75
NL1084.RAW,not_leaf,not_leaf,1,271,-128,127
NL1085.RAW,not_leaf,not_leaf,1,271,-126,127
NL1086.RAW,not_leaf,not_leaf,1,271,-119,124
NL1087.RAW,not_leaf,not_leaf,1,271,-58,68
NL1088.RAW,not_leaf,not_leaf,1,271,-128,127
NL1089.RAW,not_leaf,not_leaf,1,271,-119,126
NL1090.RAW,not_leaf,not_leaf,1,271,-127,127
NL1091.RAW,not_leaf,not_leaf,1,271,-128,127
NL1092.RAW,not_leaf,not_leaf,1,272,-116,127
NL1093.RAW,not_leaf,not_leaf,1,271,-101,106
NL1094.RAW,not_leaf,not_leaf,1,271,-124,127
NL1095.RAW,not_leaf,not_leaf,1,272,-121,127
NL1096.RAW,not_leaf,not_leaf,1,271,-93,101
NL1097.RAW,not_leaf,not_leaf,1,271,-102,112
NL1098.RAW,not_leaf,not_leaf,1,271,-54,62
NL1099.RAW,not_leaf,not_leaf,1,271,-122,127
NL1100.RAW,not_leaf,not_leaf,1,270,-128,127
NL1101.RAW,not_leaf,not_leaf,1,271,-128,127
NL1102.RAW,not_leaf,not_leaf,1,270,-110,114
NL1103.RAW,not_leaf,not_leaf,1,271,-114,118
NL1104.RAW,not_leaf,not_leaf,1,271,-128,127
NL1105.RAW,not_leaf,not_leaf,1,271,-128,127
NL1106.RAW,not_leaf,not_leaf,1,271,-99,108
NL1107.RAW,not_leaf,not_leaf,1,271,-128,127
NL1108.RAW,not_leaf,not_leaf,1,271,-114,125
NL1109.RAW,not_leaf,not_leaf,1,271,-116,119
NL1110.RAW,not_leaf,not_leaf,1,271,-85,90
NL1111.RAW,not_leaf,leaf,0,271,6,3
NL1112.RAW,not_leaf,not_leaf,1,271,-123,124
NL1113.RAW,not_leaf,not_leaf,1,271,-104,112
NL1114.RAW,not_leaf,not_leaf,1,271,-83,89
NL1115.RAW,not_leaf,not_leaf,1,271,-32,40
NL1116.RAW,not_leaf,not_leaf,1,272,-76,91
NL1117.RAW,not_leaf,not_leaf,1,270,-118,126
NL1118.RAW,not_leaf,not_leaf,1,271,-114,114
NL1119.RAW,not_leaf,not_leaf,1,271,-128,127
NL1120.RAW,not_leaf,not_leaf,1,271,-29,31
NL1121.RAW,not_leaf,not_leaf,1,271,-123,127
NL1122.RAW,not_leaf,not_leaf,1,271,-102,107
NL1123.RAW,not_leaf,not_leaf,1,271,-106,110
NL1124.RAW,not_leaf,not_leaf,1,272,-107,113
NL1125.RAW,not_leaf,not_leaf,1,271,-115,122
NL1126.RAW,not_leaf,not_leaf,1,271,-96,117
NL1127.RAW,not_leaf,not_leaf,1,270,-114,119
NL1128.RAW,not_leaf,not_leaf,1,270,-124,127
NL1129.RAW,not_leaf,not_leaf,1,271,-115,117
NL1130.RAW,not_leaf,not_leaf,1,271,-108,120
NL1131.RAW,not_leaf,not_leaf,1,271,-128,127
NL1132.RAW,not_leaf,not_leaf,1,271,-128,127
NL1133.RAW,not_leaf,not_leaf,1,271,-91,102
NL1134.RAW,not_leaf,not_leaf,1,271,-75,82
NL1135.RAW,not_leaf,not_leaf,1,271,-117,122
NL1136.RAW,not_leaf,not_leaf,1,271,-98,108
NL1137.RAW,not_leaf,not_leaf,1,271,-123,127
NL1138.RAW,not_leaf,not_leaf,1,271,-102,120
NL1139.RAW,not_leaf,not_leaf,1,270,-89,97
NL1140.RAW,not_leaf,not_leaf,1,271,-124,127
NL1141.RAW,not_leaf,not_leaf,1,272,-127,127
NL1142.RAW,not_leaf,not_leaf,1,270,-120,127
NL1143.RAW,not_leaf,not_leaf,1,270,-109,115
NL1144.RAW,not_leaf,not_leaf,1,271,-109,119
NL1145.RAW,not_leaf,not_leaf,1,271,-115,125
NL1146.RAW,not_leaf,not_leaf,1,271,-89,105
NL1147.RAW,not_leaf,not_leaf,1,272,-120,127
NL1148.RAW,not_leaf,not_leaf,1,272,-128,127
NL1149.RAW,not_leaf,not_leaf,1,271,-122,127
NL1150.RAW,not_leaf,not_leaf,1,271,-109,114
NL1151.RAW,not_leaf,not_leaf,1,272,-126,127
NL1152.RAW,not_leaf,not_leaf,1,271,-91,98
NL1153.RAW,not_leaf,not_leaf,1,271,-121,127
NL1154.RAW,not_leaf,not_leaf,1,270,-67,73
NL1155.RAW,not_leaf,not_leaf,1,271,-33,48
NL1156.RAW,not_leaf,not_leaf,1,271,-100,102
NL1157.RAW,not_leaf,not_leaf,1,271,-54,54
NL1158.RAW,not_leaf,not_leaf,1,271,-122,127
NL1159.RAW,not_leaf,not_leaf,1,271,-117,125
NL1160.RAW,not_leaf,not_leaf,1,272,-110,121
NL1161.RAW,not_leaf,not_leaf,1,271,-128,127
NL1162.RAW,not_leaf,not_leaf,1,272,-126,127
NL1163.RAW,not_leaf,not_leaf,1,272,-107,112
NL1164.RAW,not_leaf,not_leaf,1,272,-125,127
NL1165.RAW,not_leaf,not_leaf,1,272,-108,118
NL1166.RAW,not_leaf,not_leaf,1,271,-89,98
NL1167.RAW,not_leaf,not_leaf,1,270,-69,80
NL1168.RAW,not_leaf,not_leaf,1,271,-67,77
NL1169.RAW,not_leaf,leaf,0,271,29,-27
NL1170.RAW,not_leaf,not_leaf,1,272,-96,110
NL1171.RAW,not_leaf,not_leaf,1,271,-45,51
NL1172.RAW,not_leaf,not_leaf,1,271,-92,100
NL1173.RAW,not_leaf,not_leaf,1,270,-63,66
NL1174.RAW,not_leaf,not_leaf,1,272,-128,127
NL1175.RAW,not_leaf,not_leaf,1,271,-128,127
NL1176.RAW,not_leaf,not_leaf,1,271,-119,127
NL1177.RAW,not_leaf,not_leaf,1,272,-125,127
NL1178.RAW,not_leaf,not_leaf,1,271,-128,127
NL1179.RAW,not_leaf,not_leaf,1,270,-92,102
NL1180.RAW,not_leaf,not_leaf,1,271,-57,60
NL1181.RAW,not_leaf,not_leaf,1,270,-126,127
NL1182.RAW,not_leaf,not_leaf,1,271,-116,127
NL1183.RAW,not_leaf,not_leaf,1,270,-71,82
NL1184.RAW,not_leaf,not_leaf,1,271,-128,127
NL1185.RAW,not_leaf,not_leaf,1,271,-117,119
NL1186.RAW,not_leaf,not_leaf,1,272,-116,126
NL1187.RAW,not_leaf,not_leaf,1,271,-128,127
NL1188.RAW,not_leaf,not_leaf,1,271,-103,111
NL1189.RAW,not_leaf,not_leaf,1,271,-112,118
NL1190.RAW,not_leaf,not_leaf,1,271,-118,126
NL1191.RAW,not_leaf,not_leaf,1,270,-116,127
NL1192.RAW,not_leaf,not_leaf,1,271,-124,127
NL1193.RAW,not_leaf,not_leaf,1,272,-95,111
NL1194.RAW,not_leaf,not_leaf,1,270,-95,102
NL1195.RAW,not_leaf,not_leaf,1,271,-116,127
NL1196.RAW,not_leaf,not_leaf,1,271,-121,127
NL1197.RAW,not_leaf,not_leaf,1,271,-91,106
NL1198.RAW,not_leaf,not_leaf,1,271,-126,127
NL1199.RAW,not_leaf,not_leaf,1,271,-128,127
NL1200.RAW,not_leaf,not_leaf,1,271,-128,127
NL1201.RAW,not_leaf,not_leaf,1,271,-104,108
NL1202.RAW,not_leaf,not_leaf,1,271,-128,127
NL1203.RAW,not_leaf,not_leaf,1,270,-128,127
NL1204.RAW,not_leaf,not_leaf,1,271,-119,127
NL1205.RAW,not_leaf,not_leaf,1,271,-126,127
NL1206.RAW,not_leaf,not_leaf,1,271,-80,92
NL1207.RAW,not_leaf,not_leaf,1,271,-118,126
NL1208.RAW,not_leaf,not_leaf,1,271,-126,127
NL1209.RAW,not_leaf,not_leaf,1,271,-106,112
NL1210.RAW,not_leaf,not_leaf,1,271,-77,85
NL1211.RAW,not_leaf,not_leaf,1,271,-114,121
NL1212.RAW,not_leaf,not_leaf,1,271,-70,76
NL1213.RAW,not_leaf,not_leaf,1,271,-103,110
NL1214.RAW,not_leaf,not_leaf,1,271,-119,127
NL1215.RAW,not_leaf,not_leaf,1,271,-88,93
NL1216.RAW,not_leaf,not_leaf,1,271,-122,127
NL1217.RAW,not_leaf,not_leaf,1,271,-78,88
NL1218.RAW,not_leaf,not_leaf,1,270,-91,100
NL1219.RAW,not_leaf,not_leaf,1,271,-97,105
NL1220.RAW,not_leaf,not_leaf,1,271,-121,127
NL1221.RAW,not_leaf,not_leaf,1,271,-85,102
NL1222.RAW,not_leaf,not_leaf,1,271,-73,80
NL1223.RAW,not_leaf,not_leaf,1,271,-96,101
NL1224.RAW,not_leaf,not_leaf,1,271,-32,40
NL1225.RAW,not_leaf,not_leaf,1,271,-19,22
NL1226.RAW,not_leaf,not_leaf,1,270,-115,122
NL1227.RAW,not_leaf,not_leaf,1,272,-125,127
NL1228.RAW,not_leaf,not_leaf,1,271,-122,127
NL1229.RAW,not_leaf,not_leaf,1,271,-116,121
NL1230.RAW,not_leaf,not_leaf,1,271,-107,121
NL1231.RAW,not_leaf,not_leaf,1,271,-101,118
NL1232.RAW,not_leaf,not_leaf,1,271,-90,94
NL1233.RAW,not_leaf,not_leaf,1,271,-95,104
NL1234.RAW,not_leaf,not_leaf,1,271,-128,127
NL1235.RAW,not_leaf,not_leaf,1,271,-43,48
NL1236.RAW,not_leaf,not_leaf,1,271,-122,127
NL1237.RAW,not_leaf,not_leaf,1,271,-128,127
NL1238.RAW,not_leaf,not_leaf,1,272,-118,127
NL1239.RAW,not_leaf,leaf,0,271,47,-43
NL1240.RAW,not_leaf,not_leaf,1,272,-117,127
NL1241.RAW,not_leaf,not_leaf,1,271,-101,112
NL1242.RAW,not_leaf,not_leaf,1,271,-90,101
NL1243.RAW,not_leaf,not_leaf,1,271,-112,126
NL1244.RAW,not_leaf,not_leaf,1,270,-112,119
NL1245.RAW,not_leaf,not_leaf,1,271,-114,124
NL1246.RAW,not_leaf,not_leaf,1,271,-128,127
NL1247.RAW,not_leaf,not_leaf,1,272,-128,127
NL1248.RAW,not_leaf,not_leaf,1,271,-125,127
NL1249.RAW,not_leaf,not_leaf,1,271,-102,104
NL1250.RAW,not_leaf,not_leaf,1,271,-123,127
NL1251.RAW,not_leaf,not_leaf,1,271,-128,127
NL1252.RAW,not_leaf,not_leaf,1,272,-128,127
NL1253.RAW,not_leaf,leaf,0,272,15,-10
NL1254.RAW,not_leaf,not_leaf,1,271,-13,13
NL1255.RAW,not_leaf,not_leaf,1,271,-128,127
NL1256.RAW,not_leaf,not_leaf,1,271,-40,46
NL1257.RAW,not_leaf,not_leaf,1,271,-105,118
NL1258.RAW,not_leaf,not_leaf,1,271,-128,127
NL1259.RAW,not_leaf,not_leaf,1,271,-128,127
NL1260.RAW,not_leaf,not_leaf,1,271,-111,127
NL1261.RAW,not_leaf,not_leaf,1,271,-45,46
NL1262.RAW,not_leaf,not_leaf,1,271,-121,127
NL1263.RAW,not_leaf,not_leaf,1,272,-112,118
NL1264.RAW,not_leaf,not_leaf,1,271,-111,117
NL1265.RAW,not_leaf,not_leaf,1,271,-71,81
NL1266.RAW,not_leaf,not_leaf,1,271,-128,127
NL1267.RAW,not_leaf,not_leaf,1,271,-106,115
NL1268.RAW,not_leaf,not_leaf,1,271,-97,109
NL1269.RAW,not_leaf,not_leaf,1,271,-128,127
NL1270.RAW,not_leaf,not_leaf,1,271,-128,127
NL1271.RAW,not_leaf,not_leaf,1,270,-124,125
NL1272.RAW,not_leaf,not_leaf,1,271,-122,127
NL1273.RAW,not_leaf,not_leaf,1,270,-126,127
NL1274.RAW,not_leaf,not_leaf,1,270,-107,110
NL1275.RAW,not_leaf,not_leaf,1,271,-123,127
NL1276.RAW,not_leaf,not_leaf,1,271,-12,25
NL1277.RAW,not_leaf,not_leaf,1,271,-76,86
NL1278.RAW,not_leaf,not_leaf,1,271,-122,127
NL1279.RAW,not_leaf,not_leaf,1,272,-128,127
NL1280.RAW,not_leaf,not_leaf,1,271,-54,66
NL1281.RAW,not_leaf,not_leaf,1,272,-128,127
NL1282.RAW,not_leaf,not_leaf,1,272,-115,124
NL1283.RAW,not_leaf,not_leaf,1,271,-119,123
NL1284.RAW,not_leaf,not_leaf,1,271,-94,109
NL1285.RAW,not_leaf,not_leaf,1,271,-126,127
NL1286.RAW,not_leaf,not_leaf,1,271,-91,98
NL1287.RAW,not_leaf,not_leaf,1,271,-111,126
NL1288.RAW,not_leaf,not_leaf,1,271,-106,113
NL1289.RAW,not_leaf,not_leaf,1,271,-108,118
NL1290.RAW,not_leaf,not_leaf,1,271,-70,79
NL1291.RAW,not_leaf,not_leaf,1,271,-66,74
NL1292.RAW,not_leaf,not_leaf,1,271,-60,68
NL1293.RAW,not_leaf,not_leaf,1,271,-128,127
NL1294.RAW,not_leaf,not_leaf,1,272,-106,115
NL1295.RAW,not_leaf,not_leaf,1,271,-117,124
NL1296.RAW,not_leaf,not_leaf,1,271,-114,122
NL1297.RAW,not_leaf,not_leaf,1,271,-113,121
NL1298.RAW,not_leaf,not_leaf,1,271,-117,124
NL1299.RAW,not_leaf,not_leaf,1,271,-128,127
NL1300.RAW,not_leaf,not_leaf,1,272,-120,127
NL1301.RAW,not_leaf,not_leaf,1,270,-112,113
NL1302.RAW,not_leaf,not_leaf,1,271,-128,127
NL1303.RAW,not_leaf,not_leaf,1,271,-95,108
NL1304.RAW,not_leaf,not_leaf,1,271,-111,116
NL1305.RAW,not_leaf,not_leaf,1,271,-115,126
NL1306.RAW,not_leaf,not_leaf,1,271,-118,123
NL1307.RAW,not_leaf,not_leaf,1,272,-123,127
NL1308.RAW,not_leaf,not_leaf,1,271,-120,125
NL1309.RAW,not_leaf,not_leaf,1,271,-103,118
NL1310.RAW,not_leaf,not_leaf,1,271,-97,109
NL1311.RAW,not_leaf,not_leaf,1,271,-103,116
NL1312.RAW,not_leaf,not_leaf,1,271,-97,106
NL1313.RAW,not_leaf,not_leaf,1,272,-125,127
NL1314.RAW,not_leaf,not_leaf,1,271,-101,111
NL1315.RAW,not_leaf,not_leaf,1,271,-121,124
NL1316.RAW,not_leaf,not_leaf,1,271,-120,127
NL1317.RAW,not_leaf,not_leaf,1,271,-124,127
NL1318.RAW,not_leaf,not_leaf,1,272,-126,127
NL1319.RAW,not_leaf,not_leaf,1,271,-128,127
NL1320.RAW,not_leaf,not_leaf,1,272,-128,127
NL1321.RAW,not_leaf,not_leaf,1,271,-106,106
NL1322.RAW,not_leaf,not_leaf,1,271,-8,10
NL1323.RAW,not_leaf,not_leaf,1,271,-128,127
NL1324.RAW,not_leaf,not_leaf,1,271,-107,117
NL1325.RAW,not_leaf,not_leaf,1,271,-59,67
NL1326.RAW,not_leaf,not_leaf,1,271,-115,127
NL1327.RAW,not_leaf,not_leaf,1,271,-118,127
NL1328.RAW,not_leaf,not_leaf,1,271,-118,127
NL1329.RAW,not_leaf,not_leaf,1,271,-116,122
NL1330.RAW,not_leaf,not_leaf,1,272,-116,123
NL1331.RAW,not_leaf,not_leaf,1,271,-118,124
NL1332.RAW,not_leaf,not_leaf,1,271,-128,127
NL1333.RAW,not_leaf,not_leaf,1,272,-103,114
NL1334.RAW,not_leaf,not_leaf,1,271,-95,100
NL1335.RAW,not_leaf,not_leaf,1,271,-85,94
NL1336.RAW,not_leaf,not_leaf,1,271,-124,127
NL1337.RAW,not_leaf,not_leaf,1,271,-128,127
NL1338.RAW,not_leaf,not_leaf,1,270,-113,120
NL1339.RAW,not_leaf,not_leaf,1,271,-128,127
NL1340.RAW,not_leaf,not_leaf,1,271,-41,47
NL1341.RAW,not_leaf,not_leaf,1,271,-87,89
NL1342.RAW,not_leaf,not_leaf,1,271,-107,103
NL1343.RAW,not_leaf,not_leaf,1,271,-127,127
NL1344.RAW,not_leaf,not_leaf,1,271,-128,127
NL1345.RAW,not_leaf,not_leaf,1,271,-126,127
NL1346.RAW,not_leaf,not_leaf,1,271,-128,127
NL1347.RAW,not_leaf,not_leaf,1,271,-91,94
NL1348.RAW,not_leaf,not_leaf,1,271,-128,127
NL1349.RAW,not_leaf,not_leaf,1,271,-86,99
NL1350.RAW,not_leaf,not_leaf,1,271,-128,127
NL1351.RAW,not_leaf,not_leaf,1,271,-80,86
NL1352.RAW,not_leaf,not_leaf,1,271,-73,78
NL1353.RAW,not_leaf,not_leaf,1,271,-106,116
NL1354.RAW,not_leaf,not_leaf,1,271,-117,125
NL1355.RAW,not_leaf,not_leaf,1,270,-102,111
NL1356.RAW,not_leaf,not_leaf,1,271,-86,97
NL1357.RAW,not_leaf,not_leaf,1,271,-123,121
NL1358.RAW,not_leaf,not_leaf,1,271,-104,112
NL1359.RAW,not_leaf,not_leaf,1,271,-98,105
NL1360.RAW,not_leaf,not_leaf,1,270,-82,91
NL1361.RAW,not_leaf,not_leaf,1,271,-86,101
NL1362.RAW,not_leaf,not_leaf,1,272,-110,121
NL1363.RAW,not_leaf,not_leaf,1,271,-100,105
NL1364.RAW,not_leaf,not_leaf,1,272,-106,113
NL1365.RAW,not_leaf,not_leaf,1,272,-117,124
NL1366.RAW,not_leaf,not_leaf,1,270,-107,113
NL1367.RAW,not_leaf,not_leaf,1,271,-119,126
NL1368.RAW,not_leaf,not_leaf,1,271,-93,102
NL1369.RAW,not_leaf,not_leaf,1,271,-99,120
NL1370.RAW,not_leaf,not_leaf,1,271,-122,127
NL1371.RAW,not_leaf,not_leaf,1,271,-115,127
NL1372.RAW,not_leaf,not_leaf,1,271,-88,98
NL1373.RAW,not_leaf,not_leaf,1,271,-118,127
NL1374.RAW,not_leaf,not_leaf,1,271,-89,90
NL1375.RAW,not_leaf,not_leaf,1,271,-117,127
NL1376.RAW,not_leaf,not_leaf,1,271,-70,73
NL1377.RAW,not_leaf,not_leaf,1,271,-128,127
NL1378.RAW,not_leaf,not_leaf,1,271,-89,99
NL1379.RAW,not_leaf,not_leaf,1,271,-128,127
NL1380.RAW,not_leaf,not_leaf,1,271,-128,127
NL1381.RAW,not_leaf,not_leaf,1,271,-114,127
NL1382.RAW,not_leaf,not_leaf,1,271,-82,93
NL1383.RAW,not_leaf,not_leaf,1,271,-124,127
NL1384.RAW,not_leaf,not_leaf,1,271,-128,127
NL1385.RAW,not_leaf,not_leaf,1,271,-72,83
NL1386.RAW,not_leaf,not_leaf,1,272,-100,113
NL1387.RAW,not_leaf,not_leaf,1,271,-128,127
NL1388.RAW,not_leaf,not_leaf,1,272,-67,90
NL1389.RAW,not_leaf,not_leaf,1,271,-126,127
NL1390.RAW,not_leaf,not_leaf,1,271,-100,113
NL1391.RAW,not_leaf,not_leaf,1,271,-114,122
NL1392.RAW,not_leaf,not_leaf,1,271,-49,54
NL1393.RAW,not_leaf,not_leaf,1,271,-106,115
NL1394.RAW,not_leaf,not_leaf,1,270,-128,127
NL1395.RAW,not_leaf,not_leaf,1,270,-108,117
NL1396.RAW,not_leaf,not_leaf,1,270,-111,119
NL1397.RAW,not_leaf,not_leaf,1,271,-61,63
NL1398.RAW,not_leaf,not_leaf,1,271,-36,48
NL1399.RAW,not_leaf,not_leaf,1,271,-124,127
NL1400.RAW,not_leaf,not_leaf,1,271,-121,127
NL1401.RAW,not_leaf,not_leaf,1,271,-116,118
NL1402.RAW,not_leaf,not_leaf,1,271,-109,114
NL1403.RAW,not_leaf,not_leaf,1,271,-76,83
NL1404.RAW,not_leaf,not_leaf,1,272,-128,127
NL1405.RAW,not_leaf,not_leaf,1,271,-104,111
NL1406.RAW,not_leaf,not_leaf,1,271,-118,123
NL1407.RAW,not_leaf,not_leaf,1,270,-64,70
NL1408.RAW,not_leaf,not_leaf,1,271,-78,79
NL1409.RAW,not_leaf,not_leaf,1,270,-31,36
NL1410.RAW,not_leaf,not_leaf,1,271,-122,127
NL1411.RAW,not_leaf,not_leaf,1,271,-109,121
NL1412.RAW,not_leaf,not_leaf,1,272,-117,127
NL1413.RAW,not_leaf,not_leaf,1,271,-108,113
NL1414.RAW,not_leaf,not_leaf,1,271,-112,121
NL1415.RAW,not_leaf,not_leaf,1,270,-46,44
NL1416.RAW,not_leaf,not_leaf,1,271,-116,126
NL1417.RAW,not_leaf,not_leaf,1,272,-87,91
NL1418.RAW,not_leaf,not_leaf,1,271,-95,102
NL1419.RAW,not_leaf,not_leaf,1,270,-85,89
NL1420.RAW,not_leaf,not_leaf,1,271,-113,123
NL1421.RAW,not_leaf,not_leaf,1,271,-123,127
NL1422.RAW,not_leaf,not_leaf,1,271,-105,115
NL1423.RAW,not_leaf,not_leaf,1,271,-97,102
NL1424.RAW,not_leaf,not_leaf,1,271,-107,118
NL1425.RAW,not_leaf,not_leaf,1,271,-7,10
NL1426.RAW,not_leaf,not_leaf,1,271,-92,105
NL1427.RAW,not_leaf,not_leaf,1,272,-96,108
NL1428.RAW,not_leaf,not_leaf,1,271,-72,79
NL1429.RAW,not_leaf,not_leaf,1,271,-128,127
NL1430.RAW,not_leaf,not_leaf,1,271,-128,127
NL1431.RAW,not_leaf,not_leaf,1,271,-99,107
NL1432.RAW,not_leaf,not_leaf,1,271,-128,127
NL1433.RAW,not_leaf,not_leaf,1,270,-79,86
NL1434.RAW,not_leaf,not_leaf,1,271,-69,90
NL1435.RAW,not_leaf,not_leaf,1,271,-121,121
NL1436.RAW,not_leaf,not_leaf,1,271,-110,125
NL1437.RAW,not_leaf,not_leaf,1,271,-125,127
NL1438.RAW,not_leaf,not_leaf,1,271,-34,39
NL1439.RAW,not_leaf,not_leaf,1,271,-107,116
NL1440.RAW,not_leaf,not_leaf,1,272,-69,76
NL1441.RAW,not_leaf,not_leaf,1,272,-108,122
NL1442.RAW,not_leaf,not_leaf,1,272,-128,127
NL1443.RAW,not_leaf,not_leaf,1,271,-107,119
NL1444.RAW,not_leaf,not_leaf,1,271,-36,42
NL1445.RAW,not_leaf,not_leaf,1,271,-128,127
NL1446.RAW,not_leaf,not_leaf,1,271,-127,127
NL1447.RAW,not_leaf,not_leaf,1,271,-36,44
NL1448.RAW,not_leaf,not_leaf,1,271,-67,72
NL1449.RAW,not_leaf,not_leaf,1,271,-90,102
NL1450.RAW,not_leaf,not_leaf,1,272,-114,126
NL1451.RAW,not_leaf,not_leaf,1,271,-96,102
NL1452.RAW,not_leaf,not_leaf,1,271,-103,109
NL1453.RAW,not_leaf,not_leaf,1,271,-107,107
NL1454.RAW,not_leaf,not_leaf,1,272,-109,121
NL1455.RAW,not_leaf,not_leaf,1,271,-117,124
NL1456.RAW,not_leaf,not_leaf,1,272,-49,56
NL1457.RAW,not_leaf,not_leaf,1,272,-127,127
NL1458.RAW,not_leaf,not_leaf,1,272,-100,110
NL1459.RAW,not_leaf,not_leaf,1,271,-103,117
NL1460.RAW,not_leaf,not_leaf,1,270,-128,127
NL1461.RAW,not_leaf,not_leaf,1,271,-105,109
NL1462.RAW,not_leaf,not_leaf,1,271,-119,127
NL1463.RAW,not_leaf,not_leaf,1,271,-111,125
NL1464.RAW,not_leaf,not_leaf,1,271,-126,127
NL1465.RAW,not_leaf,not_leaf,1,272,-32,33
NL1466.RAW,not_leaf,not_leaf,1,271,-85,92
NL1467.RAW,not_leaf,not_leaf,1,271,-39,40
NL1468.RAW,not_leaf,not_leaf,1,271,-114,121
NL1469.RAW,not_leaf,not_leaf,1,271,-90,94
NL1470.RAW,not_leaf,not_leaf,1,272,-128,127
NL1471.RAW,not_leaf,not_leaf,1,271,-128,127
NL1472.RAW,not_leaf,not_leaf,1,271,-111,120
NL1473.RAW,not_leaf,not_leaf,1,271,-114,124
NL1474.RAW,not_leaf,not_leaf,1,271,-105,112
NL1475.RAW,not_leaf,not_leaf,1,271,-66,75
NL1476.RAW,not_leaf,not_leaf,1,271,-121,127
NL1477.RAW,not_leaf,not_leaf,1,271,-126,127
NL1478.RAW,not_leaf,not_leaf,1,271,-97,99
NL1479.RAW,not_leaf,not_leaf,1,271,-97,111
NL1480.RAW,not_leaf,not_leaf,1,271,-121,127
NL1481.RAW,not_leaf,not_leaf,1,271,-106,111
NL1482.RAW,not_leaf,not_leaf,1,271,-113,119
NL1483.RAW,not_leaf,not_leaf,1,271,-127,127
NL1484.RAW,not_leaf,not_leaf,1,270,-128,127
NL1485.RAW,not_leaf,not_leaf,1,271,-102,108
NL1486.RAW,not_leaf,not_leaf,1,272,-119,127
NL1487.RAW,not_leaf,not_leaf,1,270,-49,60
NL1488.RAW,not_leaf,not_leaf,1,271,-111,125
NL1489.RAW,not_leaf,not_leaf,1,271,-128,127
NL1490.RAW,not_leaf,not_leaf,1,271,-128,127
NL1491.RAW,not_leaf,not_leaf,1,271,-96,106
NL1492.RAW,not_leaf,not_leaf,1,271,-123,127
NL1493.RAW,not_leaf,not_leaf,1,271,-126,127
NL1494.RAW,not_leaf,not_leaf,1,272,-128,127
NL1495.RAW,not_leaf,not_leaf,1,271,-78,87
NL1496.RAW,not_leaf,not_leaf,1,270,-128,127
NL1497.RAW,not_leaf,not_leaf,1,271,-93,108
NL1498.RAW,not_leaf,not_leaf,1,270,-128,127
NL1499.RAW,not_leaf,not_leaf,1,271,-118,124
NL1500.RAW,not_leaf,not_leaf,1,271,-104,112
NL1501.RAW,not_leaf,not_leaf,1,271,-117,127
NL1502.RAW,not_leaf,not_leaf,1,270,-29,40
NL1503.RAW,not_leaf,not_leaf,1,271,-128,127
NL1504.RAW,not_leaf,not_leaf,1,271,-122,125
NL1505.RAW,not_leaf,not_leaf,1,272,-103,115
NL1506.RAW,not_leaf,not_leaf,1,272,-128,127
NL1507.RAW,not_leaf,not_leaf,1,272,-122,127
NL1508.RAW,not_leaf,not_leaf,1,271,-87,91
NL1509.RAW,not_leaf,not_leaf,1,271,-90,94
NL1510.RAW,not_leaf,not_leaf,1,271,-50,64
NL1511.RAW,not_leaf,not_leaf,1,271,-128,127
NL1512.RAW,not_leaf,not_leaf,1,270,-113,122
NL1513.RAW,not_leaf,not_leaf,1,271,-101,110
NL1514.RAW,not_leaf,not_leaf,1,271,-100,105
NL1515.RAW,not_leaf,not_leaf,1,272,-122,127
NL1516.RAW,not_leaf,not_leaf,1,271,-122,127
NL1517.RAW,not_leaf,not_leaf,1,271,-111,117
NL1518.RAW,not_leaf,not_leaf,1,271,-128,127
NL1519.RAW,not_leaf,not_leaf,1,271,-123,127
NL1520.RAW,not_leaf,not_leaf,1,271,-75,89
NL1521.RAW,not_leaf,not_leaf,1,271,-101,107
NL1522.RAW,not_leaf,not_leaf,1,271,-128,127
NL1523.RAW,not_leaf,not_leaf,1,271,-106,110
NL1524.RAW,not_leaf,not_leaf,1,270,-55,64
NL1525.RAW,not_leaf,not_leaf,1,271,-128,127
NL1526.RAW,not_leaf,not_leaf,1,271,-108,118
NL1527.RAW,not_leaf,not_leaf,1,270,-120,114
NL1528.RAW,not_leaf,not_leaf,1,271,-106,115
NL1529.RAW,not_leaf,not_leaf,1,271,-128,127
NL1530.RAW,not_leaf,not_leaf,1,271,-104,117
NL1531.RAW,not_leaf,not_leaf,1,271,-111,114
NL1532.RAW,not_leaf,not_leaf,1,271,-114,127
NL1533.RAW,not_leaf,not_leaf,1,271,-128,127
NL1534.RAW,not_leaf,not_leaf,1,271,-112,119
NL1535.RAW,not_leaf,not_leaf,1,271,-100,109
NL1536.RAW,not_leaf,not_leaf,1,272,-128,127
NL1537.RAW,not_leaf,not_leaf,1,271,-126,127
NL1538.RAW,not_leaf,not_leaf,1,272,-128,127
NL1539.RAW,not_leaf,not_leaf,1,271,-123,127
NL1540.RAW,not_leaf,not_leaf,1,271,-100,109
NL1541.RAW,not_leaf,not_leaf,1,271,-124,125
NL1542.RAW,not_leaf,not_leaf,1,270,-5,8
NL1543.RAW,not_leaf,not_leaf,1,271,-127,127
NL1544.RAW,not_leaf,not_leaf,1,271,-128,127
NL1545.RAW,not_leaf,not_leaf,1,271,-128,127
NL1546.RAW,not_leaf,not_leaf,1,271,-70,73
NL1547.RAW,not_leaf,not_leaf,1,272,-117,127
NL1548.RAW,not_leaf,not_leaf,1,272,-113,127
NL1549.RAW,not_leaf,not_leaf,1,272,-128,127
NL1550.RAW,not_leaf,not_leaf,1,270,-59,61
NL1551.RAW,not_leaf,not_leaf,1,271,-38,52
NL1552.RAW,not_leaf,not_leaf,1,272,-104,117
NL1553.RAW,not_leaf,not_leaf,1,271,-101,110
NL1554.RAW,not_leaf,not_leaf,1,271,-100,107
NL1555.RAW,not_leaf,not_leaf,1,271,-128,127
NL1556.RAW,not_leaf,not_leaf,1,272,-105,118
NL1557.RAW,not_leaf,not_leaf,1,271,-90,95
NL1558.RAW,not_leaf,not_leaf,1,272,-115,127
NL1559.RAW,not_leaf,not_leaf,1,272,-117,127
NL1560.RAW,not_leaf,not_leaf,1,272,-95,105
NL1561.RAW,not_leaf,not_leaf,1,272,-78,90
NL1562.RAW,not_leaf,not_leaf,1,270,-118,127
NL1563.RAW,not_leaf,not_leaf,1,271,-123,127
NL1564.RAW,not_leaf,not_leaf,1,271,-128,127
NL1565.RAW,not_leaf,not_leaf,1,271,-22,21
NL1566.RAW,not_leaf,not_leaf,1,271,-127,127
NL1567.RAW,not_leaf,not_leaf,1,271,-128,127
NL1568.RAW,not_leaf,not_leaf,1,271,-99,110
NL1569.RAW,not_leaf,not_leaf,1,271,-113,110
NL1570.RAW,not_leaf,not_leaf,1,271,-79,95
NL1571.RAW,not_leaf,not_leaf,1,270,-107,112
NL1572.RAW,not_leaf,not_leaf,1,271,-102,114
NL1573.RAW,not_leaf,not_leaf,1,271,-111,119
NL1574.RAW,not_leaf,not_leaf,1,271,-113,121
NL1575.RAW,not_leaf,not_leaf,1,271,-105,113
NL1576.RAW,not_leaf,not_leaf,1,272,-114,127
NL1577.RAW,not_leaf,not_leaf,1,271,-113,117
NL1578.RAW,not_leaf,not_leaf,1,271,-108,117
NL1579.RAW,not_leaf,not_leaf,1,271,-128,127
NL1580.RAW,not_leaf,not_leaf,1,270,-83,89
NL1581.RAW,not_leaf,not_leaf,1,271,-128,127
NL1582.RAW,not_leaf,not_leaf,1,270,-107,118
NL1583.RAW,not_leaf,not_leaf,1,271,-128,127
NL1584.RAW,not_leaf,not_leaf,1,271,-128,127
NL1585.RAW,not_leaf,not_leaf,1,272,-95,118
NL1586.RAW,not_leaf,not_leaf,1,272,-118,127
NL1587.RAW,not_leaf,not_leaf,1,271,-128,127
NL1588.RAW,not_leaf,not_leaf,1,271,-125,127
NL1589.RAW,not_leaf,not_leaf,1,272,-113,122
NL1590.RAW,not_leaf,not_leaf,1,270,-128,127
NL1591.RAW,not_leaf,not_leaf,1,271,-118,127
NL1592.RAW,not_leaf,not_leaf,1,271,-71,74
NL1593.RAW,not_leaf,not_leaf,1,271,-128,127
NL1594.RAW,not_leaf,not_leaf,1,270,-100,104
NL1595.RAW,not_leaf,not_leaf,1,271,-112,127
NL1596.RAW,not_leaf,not_leaf,1,270,-112,121
NL1597.RAW,not_leaf,not_leaf,1,271,-104,112
NL1598.RAW,not_leaf,not_leaf,1,271,-53,57
NL1599.RAW,not_leaf,not_leaf,1,271,-100,108
NL1600.RAW,not_leaf,not_leaf,1,271,-47,54
NL1601.RAW,not_leaf,not_leaf,1,270,-117,123
NL1602.RAW,not_leaf,not_leaf,1,270,-115,120
NL1603.RAW,not_leaf,not_leaf,1,271,-14,19
NL1604.RAW,not_leaf,not_leaf,1,270,-100,103
NL1605.RAW,not_leaf,not_leaf,1,271,-115,123
NL1606.RAW,not_leaf,not_leaf,1,271,-128,127
NL1607.RAW,not_leaf,not_leaf,1,271,-65,72
NL1608.RAW,not_leaf,not_leaf,1,271,-128,127
NL1609.RAW,not_leaf,not_leaf,1,271,-128,127
NL1610.RAW,not_leaf,not_leaf,1,271,-128,127
NL1611.RAW,not_leaf,not_leaf,1,271,-111,118
NL1612.RAW,not_leaf,not_leaf,1,271,-128,127
NL1613.RAW,not_leaf,not_leaf,1,271,-128,127
NL1614.RAW,not_leaf,not_leaf,1,271,-95,99
NL1615.RAW,not_leaf,not_leaf,1,270,-92,99
NL1616.RAW,not_leaf,not_leaf,1,271,-128,127
NL1617.RAW,not_leaf,not_leaf,1,271,-116,127
NL1618.RAW,not_leaf,not_leaf,1,271,-99,97
NL1619.RAW,not_leaf,not_leaf,1,271,-126,127
NL1620.RAW,not_leaf,not_leaf,1,271,-100,113
NL1621.RAW,not_leaf,not_leaf,1,271,-112,121
NL1622.RAW,not_leaf,not_leaf,1,271,-128,127
NL1623.RAW,not_leaf,not_leaf,1,271,-119,126
NL1624.RAW,not_leaf,not_leaf,1,272,-114,127
NL1625.RAW,not_leaf,not_leaf,1,272,-51,65
NL1626.RAW,not_leaf,not_leaf,1,271,-128,127
NL1627.RAW,not_leaf,not_leaf,1,271,-127,127
NL1628.RAW,not_leaf,not_leaf,1,270,-105,107
NL1629.RAW,not_leaf,not_leaf,1,271,-122,127
NL1630.RAW,not_leaf,not_leaf,1,270,-91,96
NL1631.RAW,not_leaf,not_leaf,1,271,-125,127
NL1632.RAW,not_leaf,not_leaf,1,271,-128,127
NL1633.RAW,not_leaf,not_leaf,1,271,-45,49
NL1634.RAW,not_leaf,not_leaf,1,272,-127,127
NL1635.RAW,not_leaf,not_leaf,1,271,-124,125
NL1636.RAW,not_leaf,not_leaf,1,272,-113,126
NL1637.RAW,not_leaf,not_leaf,1,271,-128,127
NL1638.RAW,not_leaf,not_leaf,1,270,-41,46
NL1639.RAW,not_leaf,not_leaf,1,270,-76,80
NL1640.RAW,not_leaf,not_leaf,1,271,-125,127
NL1641.RAW,not_leaf,not_leaf,1,271,-124,127
NL1642.RAW,not_leaf,not_leaf,1,272,-110,121
NL1643.RAW,not_leaf,not_leaf,1,271,-128,127
NL1644.RAW,not_leaf,not_leaf,1,270,-128,127
NL1645.RAW,not_leaf,not_leaf,1,271,-94,99
NL1646.RAW,not_leaf,not_leaf,1,271,-114,122
NL1647.RAW,not_leaf,not_leaf,1,271,-128,127
NL1648.RAW,not_leaf,not_leaf,1,271,-104,110
NL1649.RAW,not_leaf,not_leaf,1,271,-115,125
NL1650.RAW,not_leaf,not_leaf,1,271,-75,76
NL1651.RAW,not_leaf,not_leaf,1,271,-115,122
NL1652.RAW,not_leaf,not_leaf,1,271,-113,121
NL1653.RAW,not_leaf,not_leaf,1,271,-90,102
NL1654.RAW,not_leaf,not_leaf,1,271,-67,70
NL1655.RAW,not_leaf,not_leaf,1,271,-98,107
NL1656.RAW,not_leaf,not_leaf,1,271,-128,127
NL1657.RAW,not_leaf,not_leaf,1,271,-106,123
NL1658.RAW,not_leaf,not_leaf,1,271,-128,127
NL1659.RAW,not_leaf,not_leaf,1,271,-120,127
NL1660.RAW,not_leaf,not_leaf,1,271,-126,127
NL1661.RAW,not_leaf,not_leaf,1,271,-99,106
NL1662.RAW,not_leaf,not_leaf,1,271,-86,99
NL1663.RAW,not_leaf,not_leaf,1,271,-94,99
NL1664.RAW,not_leaf,not_leaf,1,271,-87,94
NL1665.RAW,not_leaf,not_leaf,1,272,-89,105
NL1666.RAW,not_leaf,not_leaf,1,271,-115,124
NL1667.RAW,not_leaf,not_leaf,1,271,-126,127
NL1668.RAW,not_leaf,not_leaf,1,271,-109,117
NL1669.RAW,not_leaf,not_leaf,1,271,-103,117
NL1670.RAW,not_leaf,not_leaf,1,271,-115,118
NL1671.RAW,not_leaf,not_leaf,1,271,-61,67
NL1672.RAW,not_leaf,not_leaf,1,272,-117,127
NL1673.RAW,not_leaf,not_leaf,1,272,-63,68
NL1674.RAW,not_leaf,not_leaf,1,270,-124,127
NL1675.RAW,not_leaf,not_leaf,1,271,-98,100
NL1676.RAW,not_leaf,not_leaf,1,270,-121,127
NL1677.RAW,not_leaf,not_leaf,1,270,-102,112
NL1678.RAW,not_leaf,not_leaf,1,271,-114,116
NL1679.RAW,not_leaf,not_leaf,1,271,-118,127
NL1680.RAW,not_leaf,not_leaf,1,271,-90,98
NL1681.RAW,not_leaf,not_leaf,1,270,-64,68
NL1682.RAW,not_leaf,not_leaf,1,271,-102,115
NL1683.RAW,not_leaf,not_leaf,1,272,-121,127
NL1684.RAW,not_leaf,not_leaf,1,271,-104,112
NL1685.RAW,not_leaf,not_leaf,1,271,-77,87
NL1686.RAW,not_leaf,not_leaf,1,271,-52,58
NL1687.RAW,not_leaf,not_leaf,1,271,-126,127
NL1688.RAW,not_leaf,not_leaf,1,272,-122,127
NL1689.RAW,not_leaf,not_leaf,1,271,-5,11
NL1690.RAW,not_leaf,not_leaf,1,270,-117,123
NL1691.RAW,not_leaf,not_leaf,1,270,-109,112
NL1692.RAW,not_leaf,not_leaf,1,271,-124,127
NL1693.RAW,not_leaf,not_leaf,1,271,-79,87
NL1694.RAW,not_leaf,not_leaf,1,270,-128,127
NL1695.RAW,not_leaf,not_leaf,1,271,-114,120
NL1696.RAW,not_leaf,not_leaf,1,272,-37,49
NL1697.RAW,not_leaf,not_leaf,1,271,-99,115
NL1698.RAW,not_leaf,not_leaf,1,271,-99,105
NL1699.RAW,not_leaf,not_leaf,1,272,-80,95
NL1700.RAW,not_leaf,not_leaf,1,271,-87,99
NL1701.RAW,not_leaf,not_leaf,1,271,-128,127
NL1702.RAW,not_leaf,not_leaf,1,272,-38,43
NL1703.RAW,not_leaf,not_leaf,1,271,-113,120
NL1704.RAW,not_leaf,not_leaf,1,271,-115,126
NL1705.RAW,not_leaf,not_leaf,1,271,-98,109
NL1706.RAW,not_leaf,not_leaf,1,272,-101,112
NL1707.RAW,not_leaf,not_leaf,1,271,-66,70
NL1708.RAW,not_leaf,not_leaf,1,271,-128,127
NL1709.RAW,not_leaf,not_leaf,1,271,-118,124
NL1710.RAW,not_leaf,not_leaf,1,272,-116,118
NL1711.RAW,not_leaf,not_leaf,1,271,-108,114
NL1712.RAW,not_leaf,not_leaf,1,270,-95,100
NL1713.RAW,not_leaf,not_leaf,1,272,-122,127
NL1714.RAW,not_leaf,not_leaf,1,271,-97,109
NL1715.RAW,not_leaf,not_leaf,1,271,-20,25
NL1716.RAW,not_leaf,not_leaf,1,271,-104,110
NL1717.RAW,not_leaf,not_leaf,1,270,-128,127
NL1718.RAW,not_leaf,not_leaf,1,270,-95,102
NL1719.RAW,not_leaf,not_leaf,1,271,-128,127
NL1720.RAW,not_leaf,not_leaf,1,271,-118,125
NL1721.RAW,not_leaf,not_leaf,1,271,-70,76
NL1722.RAW,not_leaf,not_leaf,1,270,-44,48
NL1723.RAW,not_leaf,not_leaf,1,271,-78,85
NL1724.RAW,not_leaf,not_leaf,1,271,-68,73
NL1725.RAW,not_leaf,not_leaf,1,271,-117,126
NL1726.RAW,not_leaf,not_leaf,1,271,-119,121
NL1727.RAW,not_leaf,not_leaf,1,272,-110,126
NL1728.RAW,not_leaf,not_leaf,1,270,-83,94
